BEGIN TRANSACTION;
INSERT INTO `AspNetRoles` (Id,BaseRoleId,ConcurrencyStamp,LocalName,Name,NormalizedName,Visible) VALUES ('a288875b-1107-46f7-98a1-38127f183132',NULL,'912379aa-b1d3-4a10-9853-7112638509d9',NULL,'Admins','ADMINS',0),
 ('088cf214-89a1-46b0-8bca-4f15facdf17e',NULL,'c20ab9d8-13f6-4a37-9865-a3ef82dad51f','全局用户','GlobalVisitor','GLOBALVISITOR',1),
 ('08fe1a00-2dd1-4393-b73b-2f9999b4e165',NULL,'6d74b1c1-9085-4712-9ebd-2b27d9bbf672','街道管理员','TownManager','TOWNMANAGER',1),
 ('f97bf050-d225-438c-8d0a-f201692c439f',NULL,'97c4821d-abfc-4b3a-a9c7-56881dad1ea1','安全组管理员','GroupManager','GROUPMANAGER',1);
 INSERT INTO `Districts` (Id,Address,CreateBy,CreationDate,DivisionType,Metadata,ModificationDate,ModifyBy,Name,Status,VersionNumber) VALUES (1,NULL,NULL,NULL,0,NULL,NULL,NULL,'甘井子区',0,0);

INSERT INTO `Towns` (Id,Address,Code,CreateBy,CreationDate,DirstrictId,Metadata,ModificationDate,ModifyBy,Name,Status,VersionNumber) VALUES (1,'周水子街道',1,NULL,NULL,1,NULL,NULL,NULL,'周水子街道',0,0),
 (2,'椒金山街道',2,NULL,NULL,1,NULL,NULL,NULL,'椒金山街道',0,0),
 (3,'甘井子街道',3,NULL,NULL,1,NULL,NULL,NULL,'甘井子街道',0,0),
 (4,'南关岭街道',4,NULL,NULL,1,NULL,NULL,NULL,'南关岭街道',0,0),
 (5,'泡崖街道',5,NULL,NULL,1,NULL,NULL,NULL,'泡崖街道',0,0),
 (6,'中华路街道',6,NULL,NULL,1,NULL,NULL,NULL,'中华路街道',0,0),
 (7,'兴华街道',7,NULL,NULL,1,NULL,NULL,NULL,'兴华街道',0,0),
 (8,'机场街道',8,NULL,NULL,1,NULL,NULL,NULL,'机场街道',0,0),
 (9,'辛寨子街道',9,NULL,NULL,1,NULL,NULL,NULL,'辛寨子街道',0,0),
 (10,'红旗街道',10,NULL,NULL,1,NULL,NULL,NULL,'红旗街道',0,0),
 (11,'凌水街道',11,NULL,NULL,1,NULL,NULL,NULL,'凌水街道',0,0),
 (12,'大连湾街道',12,NULL,NULL,1,NULL,NULL,NULL,'大连湾街道',0,0),
 (13,'泉水街道',13,NULL,NULL,1,NULL,NULL,NULL,'泉水街道',0,0),
 (14,'革镇堡街道',14,NULL,NULL,1,NULL,NULL,NULL,'革镇堡街道',0,0),
 (15,'营城子街道',15,NULL,NULL,1,NULL,NULL,NULL,'营城子街道',0,0),
 (16,'七贤岭街道',16,NULL,NULL,1,NULL,NULL,NULL,'七贤岭街道',0,0),
 (17,'大连华侨果树农场',17,NULL,NULL,1,NULL,NULL,NULL,'大连华侨果树农场',0,0),
 (18,'其它街道',18,NULL,NULL,1,NULL,NULL,NULL,'其它街道',0,0);

INSERT INTO `Newses` (Id,Area,Content,CreateBy,CreationDate,Excerpt,ExpireDate,HasDateRange,Metadata,ModificationDate,ModifyBy,Name,[Order],PublishDate,Source,Status,Title,VersionNumber) VALUES (2,1,'55你这有杂音我听不清楚',NULL,NULL,NULL,NULL,NULL,NULL,NULL,NULL,'55你这有杂音我听不清楚',0,'0001-01-01 00:00:00',NULL,0,'你这有杂音我听不清楚',0),
 (3,1,'44你这有杂音我听不清楚',NULL,NULL,NULL,NULL,NULL,NULL,NULL,NULL,'44你这有杂音我听不清楚',0,'0001-01-01 00:00:00',NULL,0,'你这有杂音我听不清楚',0),
 (4,2,'33你这有杂音我听不清楚',NULL,NULL,NULL,NULL,NULL,NULL,NULL,NULL,'33你这有杂音我听不清楚',0,'0001-01-01 00:00:00',NULL,0,'你这有杂音我听不清楚',0),
 (5,1,'22你这有杂音我听不清楚',NULL,NULL,NULL,NULL,NULL,NULL,NULL,NULL,'22你这有杂音我听不清楚',0,'0001-01-01 00:00:00',NULL,0,'你这有杂音我听不清楚',0),
 (6,2,'11你这有杂音我听不清楚',NULL,NULL,NULL,NULL,NULL,NULL,NULL,NULL,'11你这有杂音我听不清楚',0,'0001-01-01 00:00:00',NULL,0,'你这有杂音我听不清楚',0),
 (7,1,'在大连市的哪条路？甘井子革镇堡。',NULL,NULL,NULL,NULL,NULL,NULL,NULL,NULL,'在大连市的哪条路？甘井子革镇堡。',0,'0001-01-01 00:00:00',NULL,0,'在大连市的哪条路？甘井子革镇堡。',0),
 (8,2,'是在辽宁省的大连市是吗？',NULL,NULL,NULL,NULL,NULL,NULL,NULL,NULL,'是在辽宁省的大连市是吗？',0,'0001-01-01 00:00:00',NULL,0,'是在辽宁省的大连市是吗？',0),
 (9,2,'是在哪里出的事情是在大连嘛',NULL,NULL,NULL,NULL,NULL,NULL,NULL,NULL,'是在哪里出的事情是在大连嘛',0,'0001-01-01 00:00:00',NULL,0,'是在哪里出的事情是在大连嘛',0),
 (10,2,'半个小时是嘛就五十分钟',NULL,NULL,NULL,NULL,NULL,NULL,NULL,NULL,'半个小时是嘛就五十分钟',0,'0001-01-01 00:00:00',NULL,0,'半个小时是嘛就五十分钟',0),
 (11,4,'大概有几分钟啦就刚刚的事',NULL,NULL,NULL,NULL,NULL,NULL,NULL,NULL,'大概有几分钟啦就刚刚的事',0,'0001-01-01 00:00:00',NULL,0,'大概有几分钟啦就刚刚的事',0),
 (12,4,'刚刚时间刚刚出的',NULL,NULL,NULL,NULL,NULL,NULL,NULL,NULL,'刚刚时间刚刚出的',0,'0001-01-01 00:00:00',NULL,0,'刚刚时间刚刚出的',0),
 (13,1,'先生你好什么时间出的事情',NULL,NULL,NULL,NULL,NULL,NULL,NULL,NULL,'先生你好什么时间出的事情',0,'0001-01-01 00:00:00',NULL,0,'先生你好什么时间出的事情',0),
 (14,4,'您的车辆出险了现在要报案是吗',NULL,NULL,NULL,NULL,NULL,NULL,NULL,NULL,'您的车辆出险了现在要报案是吗',0,'0001-01-01 00:00:00',NULL,0,'您的车辆出险了现在要报案是吗',0),
 (15,4,'在道边上底下大梁磕道牙上了',NULL,NULL,NULL,NULL,NULL,NULL,NULL,NULL,'在道边上底下大梁磕道牙上了',0,'0001-01-01 00:00:00',NULL,0,'在道边上底下大梁磕道牙上了',0),
 (16,4,'我刚才刚买的车在那个',NULL,NULL,NULL,NULL,NULL,NULL,NULL,NULL,'我刚才刚买的车在那个',0,'0001-01-01 00:00:00',NULL,0,'我刚才刚买的车在那个',0),
 (17,2,'66你这有杂音我听不清楚',NULL,NULL,NULL,NULL,NULL,NULL,NULL,NULL,'66你这有杂音我听不清楚',0,'0001-01-01 00:00:00',NULL,0,'你这有杂音我听不清楚',0),
 (18,4,'77你这有杂音我听不清楚',NULL,NULL,NULL,NULL,NULL,NULL,NULL,NULL,'77你这有杂音我听不清楚',0,'0001-01-01 00:00:00',NULL,0,'你这有杂音我听不清楚',0);
INSERT INTO `Groups` (Id,Address,ApplicationFileId,AttachmentFilePath,ChiefName,ChiefTel,ChiefTitle,Code,Comment,CreateBy,CreationDate,DriverGuranteeFileId,GroupGuranteeFileId,License,Metadata,ModificationDate,ModifyBy,Name,PhotoMain,PhotoOther1,PhotoOther2,PhotoOther3,PhotoSecurity,PhotoWarranty,PoliceOffice,Policeman,RegisterAddress,RuleFileId,Status,TownId,Type,VersionNumber) VALUES (1,NULL,NULL,NULL,'张三','13555654554',NULL,NULL,'<p>周东社区是个好社区</p>',NULL,NULL,NULL,NULL,NULL,NULL,'2018-01-19 21:42:46.8965096','b0b8264c-f6a2-494e-9380-bdd5ab9b0809','周东社区',X'89504e470d0a1a0a0000000d4948445200000096000000820806000000a446316f00000006624b474400ff00ff00ffa0bda793000000097048597300000ec400000ec401952b0e1b0000200049444154789ceddd779c9c65b93ffef7cc6cefbbd9647713d2437a54105104044150fc52040bd245056c478f1511112ba26205153836102ce7280aa247c4862048b5d003a4f7ec26bbd96cdf9df9fdf13c4f783299999ddd040ec1dfe7f59a57b2334f9f6beefbbaafebfa7cae442693b1bbb8f3ce3b7dec631f2bb84d8afa4af6ab6071390b4a999ca41ae911ba86d9d0cf43bdfcb59f47338c7a61b7dc728bf2f2f2ddbefeff1f7b1e257be2201d1d1d6ebbedb65dde2f654a136fade1d5951c98a0b498e38db0a993ebdab97c9015f9b63bf3cc33a552a9518f97a4a28cd9e5cc2f63660993067a7a266eefea6a4852eee9eb1a1aa1374dd7089dc36c1c62cd10eb0679729035d131bff6b5af79d18b5e54ccedfc5b22b12746ac5ffdea578e3ffef81d7f9731ad99f737724e382ae9e79fbddc3dc8e3fd3c324247867e2453349632ad96d7d6f346242143ba875bd6f3a17e1e29f67a4a68aae1e82a5e5acde1e52c4930ba058e8234db0759d6c7bde77ce003374f9937efcf2374e6da76fefcf95ef18a57ecee29f75aec51c32a656a0b17377066d6e8d4f72055c51cab84961a5ed5c09b6b3826412a4d7f173feee09b7ddc9fbd4f92ba5a5e53cb5115ec5f1118d24ea3639aee41960fb16684f6613ad26ccb30946124116c964a509ea43a49758aa6122695d05cca3e49eae3c7cc30d2cf033dfcb997bbb7f3c711b6c2b9e79eebaaabae1ae3937cfe608f4c853091f7b7f0f94430b5ec840ce9628f33ccc64eaeefe4fa0ae6b5f1951a5edbc8d98dbc651defe8e06aa860410b9faee5f80465f1e30cb2ac97dbbbf96d0fb70db13efe795b5b9bf973e78ee91ecbd8a78245551cf2e43ffef1ca81aeaefd2b7949252f81347d5dfca4936bb0ab6ff06f84dd1ab1bef4a52ff9cb5ffe22bd71e3fb57df7bef57f26d3742e723348ef73cd3b8be9e5321c3e0063e58caf426de194db530c8d26ddc74c1a597fe68c6c2857f2f74cce9d3a77bc10b5e30de4b72e79d77dadad15176cbcf7f7ed42faeb9e6a45a5e5dc294e8f3e669d36e6b79c10b3eb19dbfe4daffbcf3ce53535333ae739731f5aa2f7ff9884a5ebc7debd6e95b376f6e4d0633427a84aee973e6ac1d492657f4725f0f7f1ea623beff71c71de7dc73cf1dd7b98bc56e8d58fffcfbdf2befbff9e64f4fe0fde154628855a54c8b6f97a16f9ca74835716635af8ade4850d6c6e504234437bfe9e1b66e7ed3cf43b0dfc1073be49043c679cae2f0f297bf1c061f7ae4915fafe1d750c10b6a39a686c333ab56bdb27dd5aadb8658b1956bb7f2bd415646fbdf7cf3cd459fab8489351c55c7b1d5bcb284d642dbaf59ba34fe676688d53ddcbe9d5b7af8f3ac59b3568fe966c781510deb81071e70d96597edf27e82d20d77def9db667678a8ed7cae8297651b569a9eb15e5892da19dc54cde1d99fa5e9e9e49a2f7efffb97282b5b9bfdf9bc79f3c67aba3d827efed5cfbf36f3857266b770491daf9fc42726715137bf59cf7f0ef06491874cb67271331f4be4f9aed26c1fe0a141568cb00de914f525b456b038c5c452a635705a03a721f3c41ffff8fd779d77de0746e82af6de3ef5a94f696d2d68cf3b2393c9147cdd74d34d39f76be63f9790895e93f90a2c6053fcfd2564f6e51fc55f5180e9fc4ff6719690de87efa46882dedede51afff997e5d7ae9a505efa3828573b83bba87857436f39ed1422f55ecbf2ff7673f8385744ce3c74dbcad9c79c215741e242a583881f3667347d671364fe05d4814d87f071e7becb1313d97421755e8a60f6ce153d1df5bf9ce3a3e58c6b4129ab3b74f07bfa4a250cebc59fca98e3744ef0db361139f5cca8235bc7d842de3b9eeff0bf4f3c8531cba86337ab933455d1b97cf67f5443e9a24dbd14ab6f0e959dc5dc1fe90a17f1b3f5fc16b1f61d22a4ed9c27707785ce18551a69f473ab8ea290e799c596b39a7973b52344fe69bb3f863252fdcd3f73d66c32a61e20c7e9da40efaf8dbdac0f233152c91e3173052a46155b2df1c1e884d7f992e7eb294c51bf954f820f73a6418dcca754f71f0263e41105669e5f3f359d9cc7b904c5239839b27715134f5f5f3c0e3cc5dc91bbaf95f8c8cf73a0659be85ef3cc5a1ab78dd30ebaa397c360fb4f269458e5ec560ccce7b1b5f4c85a3d2089b57f2860c430491f65cfba4d93eda7153d44ee5ba70756398f5ab39633b7f18eb353e9ba8aeaed6d6d636965d3e9b615372e3c6af67d2e98a144d6d5c5ecbf125b454b063a9dacf03cb3966984d7bfababbb8713bb7cfe43795bc7422178dd0b9397469761b63f1b1aa387031234bc82ca6bf8a83e2c76ae1d339fca2cc3efc57a16ba8e6d0b93c1e1d770a579630eab7f55cf0b1c6fb9ad1d6366b367fc9f5bc1633d8c22772c5048b4182f2143529ea5334a6684852996bdb247593b97c31838b196ae553b9fcbfb1fa58631ab126f0de44387d6ee3a65eee8a7f3e9e11ab9a57cce48f095243ac5cc131fd3c3a96ebda1b31c0b28dbc6606bfaae688f8679bf9c2c6606a2a1a2534d7f3a646cea8e44039dc9c345d033cd6c50d1d7c2bcdf634dbd6f11fdddc388d9b27f2890af65fc109c610d8ce46d13e5692ea3a762404b7734bf636f946993403b9de4f513785ef24480db36105af2dd6a8eaebeb2593e35a7b3c6790a67739af1d6255f4de204f6ca6f0527367242671c17c564fe69b95bc4c9eef35195498bcb4952fcc67c504764449bbf97d3b9f875a8e6de26de3bd2ff92e20175ab828496df4773587953123be4d050b72ed9bc96158551c389b7bca98d1ce654b59389644f3a1871efabc2899a9e7a412f681419e5aced1c5c4fd12944ee01df378ac854b12548ce5bc29264ce6ca70c10536f1b98e20f89c69e50b95ec37e61b0a51946195d03481f7c5df6be08c792c9bc5efeb39b18279a5598616213b5758c97eb3f84b39f3d6f3bef57c384adefe3b211cb1af4e90cc30b28a930a9509c53195ef4de6db658c2de1b9331255bc34fa23c3f03adedbc1d75234cee0b7254c1acf818bf2b1ea79539e5f44a29a23ab39b2d81326289dc27f25286b9e3fff3365d5d5df9e51ecce31cc9933671c7b3db750c7eba238560f7fe8e35f45ec9698c237ea397d4f5c43146c8e633d1fa9e5ff95317732df58c59bc77adca20cab89f3c67ae038c2623a65cc99cab565cc5cc909dfbfeeba5fbdf8c52fde9d43efd568e4add1ff3bb862b4ed93d44ee327b5bc764f5d43ae15603872bd7f0637d7f3a61abe8b5bc772dc51a7c2b05464b74a25533495317d0e7757f1b2359cb18d5fedce31f7769433a73accb30eb1665b98c82e84d6a04468ac469519a16380c707786c983551dcb110baf94d27d72131910f8cf19ca38f58f7dc7efba2b11e341b23744ce1aa148d0b8f38e2fd07cd99f31b686ede25fbf36f83064e1d0923dd9dfcc8284bfb7266378e61e6182e2dbdfbb8b3cffe4637bfc9ae724d5052cab432660cd3de9f63ff1b6eb8c1faf6f60fd671423547fee2a73f6d6d6a6ddd70e081071655923d6a3dd60b274ffe5066fdfa2f1138e1eb786b3da7547374a2c8144086910cfd6b38eb5bd75ffff3534f3db598dd9ef3f8d18f7e64f5ea7155a0247ffeb9cf3dd9dfdd3d33c3d052e60fb22cdfc62926cce6b67246fb9167baf8f1262e2da9a979b0bbbb7b3cd7060e38e000f7df7fbf66feb38daf6ee53b6b38e7d24b2f75fef9e78fbaffa8235639fb46163dc2862d5cb3856b9a386732df2c86209120b5810bbbf8f9e8b7b4f7e0eaabafce4922190d551c309b99d0c39f0a19154ce6aba319559adeb59cd5c9cfd835b33d5e6ce1ca563edfc0d91b833ce7fa517752848f150f7ac6cb7bb7f05f4fb0a4931fe48a53c5d1c7bd1d7cab980bfa77403c15d6cd6f0a6d5bcae4a87a361f320caee0b59151ed49a4e9efe79104a97a5e5fec7ec518564bf4ff21762aaa1be0f1d59cfd185343476f17f4f2d7e51c538cc3f8ef8228769421ddc50d85b66de0f4d118461b38bfe719acb11fe0c1e85a8add67d4a93015ab551f8ef1eae2186673ae6ac46136ade0b5c594cd3cf9e493befded6fe7bbc8fae1ace32f5cb8d0dbdeb65b5987ff3394b310865935444127ad8ed715fabc9fbfb7f38d3d797dd98882b6951c980a984aa3569e8e6a58c9586074b0c043c8351d767079b1b5586bd6acf195afec5ab151cfeb0659d5c703f1f78f3df6d8bdd6b04a980c033c5568bb04e5a3a5553672b1dd4816178391a7c91889b2c0371cb522b89894ce8e61b8bfc00107b2f27c033cd2ced78b387e5e34726a2b97161991de63b8e38e3b343535d9a7a9e9a0e953a78e29075704922561b47b90270a6d581bf02af39ebf8fbbb7513c2b639c88872bf2a5edb231aa61c57da36136e6dbae97bbe3fbace24d69c6bddeade48553f8e19620ea3b3cdee38c07c3c3c3b66edd6a70ebd6c33a3b3bf7e8b9c32c440ae2ac9d5ca889b19372a1836f2a42e36277114f8ac77dee4218d5b0e2d69a2cc0661e8a254fb772753f0f177301f930910b90eee4fadd39ceee20242b14a537512ce28ef84816df2f1b15a384187af8f31ebaac8218890d10711e67218c6a5843b15f5519b3f26d177348d76fa0b0f4cc2868e08d75bca1931f0eb12ed736b7dc728bbebef1d2158b4325fba7b268f5bb8b746c06c8a7fb10a13c4f1952b8ef96423eef9e447cc4ca4743cbc6a88635c00ef663f80bce85d4d430dcb0951f14ebb0e74229fb4ce1fb0952edec4a680c3134f4cc462f925496b3b03474b473a1d8cc431c190622f7a250fc2f4149a1929567a20e3e1f52217186c2d71cc7a8861577305379e6d75a5e59c6beb08d1b8b39713eb4f1e524d543ac1a4be1df9e46152f0b736a39cbad61325f1ccfb18ba1af85534e5ec3cd3c8b7e679c805cec79471dd67af95b34a9e67bc84d01fd4b1f7febe59e624e9c0bd51c16ca1815e53fbc74e1c2578f24936bc6e2cf4d9a34c95d77dd35ea76511976984ac9598951c6922435c5b090e2186265092d857cd6d182a2c5fa3a7b025541b9338a974b18d5b0faf857192b4b991e468c13622b9132a6d7865fc2263e67375629617946024633d02495c32b567c7f2d6fdf3606c31aecebab5644e96f1d2712f859f9b649505e4adbc02861836c0cf058186c9c906f9b34bd858e114ed149cf700c0b6a794df4ffd1fcc208a31a564b4b8bfebebe6b75765e94a2a996a3bb63448a09bc332443b477f3dbd18ed7d9d969ddba5dfdf1ae8e8e961a5e1dfd3dc8f242c799c8474a68cb55015908d52323c7747777ffacb63628df1f1c1cd4dedebed336db3b3ae694321dca339917645f6f2a95d2d2d20223a1718cd5b01ea7f0d23d4d7f86de449e512d4179058bfbf3c4f832994ccee75c2c92838373f0640d47c6f3c5c9d2d2e258e8c570c47e7afdf54df359bd84cc5c1e2b612294d2b688ae2564dac6c62cd905d3f8699c5b5788f65dceec456c5f4266221f1acb796670e3c5175fbce3deeebbefbe5db699c4c7621cbf916c07beadad4d2693f196c30efb757d4c0aa0585473c81232d3f869a1ede6f2af5cbcc36cbd8c67020bd8389bdbe7f268fc9cf7dc7efbac3da6dd30cc96f5010d5c39f3660414fb8a66fe33a2da778ef2900aa126f0adde147f6fa840307622e7473e4631c4d61892351c951aa5aaa48153a2ff27827d72d6f467e80b531c63422f77a5d916f2fff2623bbf2ff479236f2fe4a78d17e5cc296152158794333f7a3f4d5fb1648fa2e95f5ddcd8c7bd50c94ba6707503678427ecede39f63bcfe1d68deb5f435936fe594a0b42e74f009b4248a3d4f29ad092a530544e04a98905dfb54c5cb736d9ba6b794a9c59e3f4286915eee28634655a806980ba156435e24a9ad0b88a57b14b51c9bebfd7e1e28569d714c8ccf75bc3baa6268e08c68b4e80f8c6a5c4e6439f36ab26e2414be1dccb57d3587a76888feced6e22a8428c05b52c02fabe63059cbfc5afe5ff67be175764581e1b1a2931f436b10b2c8f93d74f3c7e13c01e20893b878bc54fc5c4851d7ccfb737d369650d2980cab977b9773f8309be3ef6727a0c78286805ab6d37564d77dc551cb31f1bfc73215450e79b6486d1cd5bc32c77e5373651d46e8888b788c059dfc4f9abe6a0e6fc87203e2a7188d7452cebc86d808bebb68e5b3797eace9b036bf288c99a3dec73f9671703c37385a4d5121e4e2241622af56b2135fac84b662a5b6a3487621bf24dfd4948be53dc2d61226968d6f3a1ce80f15a027f1717982a1b9a40cb2d1c43bc67afe5c2867df46de99ebb33eee2ef483cfc6b8c40f0678624d8c13972f34504e4156692507547170f4779493ca675829ea2ab3bef804a5e561d47f34948653773ec32a654a459eb855ae78d6101ba06e0c25bb7144cfad9c45f946ad6dfc6660143d8b2a5edec6978cf3fb840415212b3b67086af318b30ce3be90f84a2957f94792aad1566c93b92c7e239bb984fc9aa5759c904b8ea7a24845ba68c44ae491f469e2ad1139240c04ee08f656c6a2cf1186c35f7063a0ed3966c47f4013b930d7361906d606021d8502cf89663e343590011ff3779aa27116bfcba5f74aa029d1c52fc772cc711b567c3592ab4eab365051c95b6f54c992aa98306e2f7f89d56de7cc47d57054f8e186f8fbc53ad0c9d0e9cfc72c8a873c3af85a5f2cfa1f4e913b4d57d18855c1fea5a1b0c75810a582d26caf60492367e5daae87bb42edf88268e0f4563e39966b2863e61cfe56c5a1f9b6d93646a3629c8655cfebe34bf25c2b977a8e2d54d6312978008970ffcdab392bb6bad9c5674a501eaece6ce4a228f44110702ce6baa3304376b3018211b89cc50492e2ed7c6d73acba2215e84fed34e50db13a1348372643a1d89d1057e7c985a8ce69231f1b64c564be99bd3889b096f7e48bb2c731918fcfe2cf4dbcbd40562259c581ad7c6e4ea0f8935758244d5f07b9c908053066c30a75d6bf26348a34dbb2cb644a6909a79b9cc3772993a35c1c6ce28230f0960e2f6a97046b0d87a668ca30d0c98fb67065f459150717c36f8cbee85c7e449c46be81f347e8eae2e7fdb1162b93b2eaccd20c44f1b609bc2bdb605b6302c0b9109ff2d7f2b62455d3f965ae85429a9eb59c5b441c2951cd6153f8aff9ac99c5efa772ed347e348b3fcfe389c574cfe6ee897c2c95438c388e4d5c38384a6d7e2e8cd9b01a39233eec674f4b0425b5852a0ec211260123b46fe15a82c021c4e35411a220653fff48d3dbc52fa3128e04e5c538f031ff6ca71131457d7538cd0eb1aa93ff0e3fcaace783c21f4805fb5567054b47680f8f5d9f2d9d59cfa985aa10a2daa6240ddbf9637bd032a6ac2d0feba697bb37043f80a212fd492aab39b2813342f6fa6165ccc9977fcc461f776e1e2703684c8695a2ae85cfc4df1bca6158b51cdf578078114f3677727d54f816fdfa73c5512239c5ee30cd31c296de583b91ec2f35176286b5d38855cbb1d188171240768c0adbb92daeb0d7164c8f3b9e5bbcc2b52107b1b49e93f25d4fccb0ca613d17aee73f42f9cc5bca734c51ed7c7d05ff2f5f65ed9ec2004b5704d4b371a9348fc9b0ea39397ba5972bf552c351030546ac9a98e6663cc71849269631336b6a4b4624cf3831331e09ce15d8cc815248651956f4e58fb0650bbbb4ecdac085033c06951c541b5b110fc5b8960dbc393e420db1b250ca251789b79d2b36f1c91a8ede977fc54b562274f3bfcb396cb0f80e1763428691359c991d081f0bc66a58bb64f2b3eb864a6849d1309487dc5aca9428023e4247dc091fa13b0cc2a5e24585254c8c6850fdb19c643c499b3d45e542f2e9fbdd61580952d1327b3397e6097564b6c4949fe349eaf88a3849dd849822cc004bab72842962481350e4e36f6ee64bdddc94a07c1a374ce403d9fedb004f3ec10b377369b1e5c2c520c3f01ade12675d8d073b0ceb0f7ff883d9b367e77cbdfffdef57c5417994fb76fad5953377984df9046dc30ad10474f0adec52d7edfc2e3ccee2e8bdc8a71be0d178ad773f8f747353b8cdcc7c2baa6c7cfd1bdf288deeedec134e382745532f7f6d0f162539b185abfac2873db069d3c98b67cf7ec1dd77df2d3ba432914f4415017ddc5fc294eca64a3ff8c10f7cf5ab5f25f495b22b50330cafe0a4f541ce2ed3ca9717b076325f8b4aa6c3fd7a3770c1e3cc59c77b3ab92e14181957b1653f0f2fe3a07c720970f2c9277bf0c107473dd68e5f6e6f6faf65cbf28a9e24f6e5aa287592a62f9f235cc6cc42fcc388329e21bd25c732b69b5f377276152fe90ec99851415c2f7fcdde7e2def9ecb51492a5bb9a45045403a28ccd3b5756bf986ad5b25289dcf4529d2e18a2b2f43234dcf725ebb2f0f948e8c4c1f5eb6ec678341fc6a457cbb14f553b9f6495edac7dfa19cf9f1454e5b5b9bd2d252c21f761ef2c9483b5f1b62cd547e9aa27902ef9bc0fb4668efe01b1d5c35cca621d674f0cd9067284563050bca985dc2a404650d9c1affb166633bffbb2ad0ec2a5821ba6edd3a838339eb037642515361036f8cd47547d8b2911d0249c9accc7a092df97ae724288d5232fddc9bdd9c127a02873c13cf09463a9db95247e143fd0a54f0a2ba30d69507d12ab20cea39b184c9fddc131137c22f655165d8a9b59429b168fc9695bc3ec34019fb4ee7e7b9b88195bca48623a37c6a59fe0a8c2485bba375f1b3d5bc31fe4c53344fe2d3f359379b3b27f291aaa0d4b921bccead3ddcd5c77d02959893f319d5106b5671e2f24063a3a8b2e362508c76435d2b5f2618a956724269cc81cfaedb0e0d2b27b9a08a83a23cdd567e986b9b6136f7f38f6a0e4b3161848e98439c2e61c270b060d831dc6fe4d3351c55c98193b9aa9717e71a35d3410fea2857989a14f6b549523b87bbcb981d0615b313c2e961360db2628835832c2f677e0d47c70be1e268e573cb43c7bb2c4f282432f0d1c8185ddcd0c35db302f1b51dc74a90aae2a0f88a381394340f25a82c860338c8d25c2bfbddc5a8276ee4b4c8c7d9c2953ddcd1c4d9d1e7d9cc9d1413d279a69428421ecaf7e4ac382d63ea309b2ad86f3eabd2b42743e36de1f32d7c3ecdf6de20c6f285edfc31c3e01ace99c37da54c69e5b36b3827fbd8d1c890a4b6865744d983721665181ce4a9edfc6e88d52374a5e94f04cd936a4a995ac1e25a8e89affcf2d5835572e094b061673e3e6624b8528cf33dccfa21568c16af4b503116cdf76a8e981d8c6ef7ace19c62a2fbc56054c3aa0fa598330c74e4706e4bb27264c90265bf15e1703ccccae130b018a186c327727e18e34a84c7aa4ac6beb874402e4826a9a9e1e86a8ed8c007dbf9463fff5acbdba6f08306ded2c975dbb334a3628655135524f4f0a7b5bc2364da8ceaf42628a9e1554dbcad96e30a15d9d587c9e9ec460bb1638db5406fa71fec16aedcc62fcb59d0cc7b4bc751261da19203e770f756bed7c1b7765722a1a08f55c7b1551c92616035a70c3edd9a6387c39ea43abeea495299ed7745a80825797ac3104392ba897c743e2b66f2a70a5eb49d5bb7f2bd286eb486d3b6f1b30cfd8fd2f210950f53f338b357055d1d5aa350c3567eb89263d36c9fceaf2764d51645d504a14adec9236c5dc59b43b677512ba90cc3ddfc76256f7c9496f57c207bda1de4d1f842a09c05b9524eb114d32eb9cb6230c0d26e6e69e76b85164cc522414513efda9707e770f7242eaa09164663e630e635ac2435619f9be4063edcc52fa2cfe2bd5f08420cb18b2bcd336aa5225fa38ffb2770ce7c564ce2e3dddcbc8c431e65f2725ebd86b7b5877e5d4b10f54e0cb132560dd033c8b26dfc6a031febe1cee824ddfcefbab009f964be352156041739da951c5842730797ef0e557d84ae76befa3873bac2526302c678774ca92f494d758ecc404444c957869d033b19606c71303d57594fb1e8e0b21e6ecb3c1d654f5406cd4e3f3d93df2d60fd34ae6be48c427c8138f24e8513797f092dfd3cd89e256e9f4d7d2f674ecfd3e995449ceb1f3b515314ae68e0cde5bcb09b5face723b9c45dbbf8591b5f2e656a095306c640d6e8e427551c3881f7b7f2e5419eeae6d658962091613857947d3c48b37d15a7cea0a6873fa5e96bc9eaded5c85bb33bdaa7c211ab58ad8bec02c54857a32647743ec210cb320c17aa60e8e2c6757cb89cb98d9c5dcb3161c975e492d4d6735a3da7651838ffa493fea5a2e2913eeeefe3817e1ec92ececc695865cc6ae6820c23eb831e3a3b4d1343ac1966738c5fb8636ecf3094abcb7a2ac6a6e9e5de95bcbe10297584ce55bc611abf48525d2c3b24c23a3ed0cf436d5c3e9dffddca774762a3533737efe97cdb6ace4e5137c8f26dfcba95cfd4734a82b27a4ed9cc17e2ddcda21575b1a3667c053ec2b67e1e4b5092ab6427421f0f6ce4d3b3b9339fff5bcb313ddc31c0d20d5cb0810bc292ebd925b49633b782c5e5cc2d67f1a655ab5e22081b9d0525817dacefe7d14196f6f3484ec36ae6bd492a3773c976fe946b9b419e880c2b4e3448d397624292aa78baa7241c4247e8585ba4107e37b7aee1b4a9c1343c6679992d7c4fd07be63b4d41007487eec0d6e0b33d8a113aa2e97688d5ab79cb662e9bc9ef4a689bc8c7568794397650d732c345d69297c67eb0e1083e32898b0a113a7ab9b79f07b770557350a9b10b1a387d435077bf6300196673ae5c6182f26a0e0e33318757716092ba1226d704c4de23c9e1632528afe7947efeb9b1403d513cf91caf6dcf042baf4436df2e2ad5186b5fe72e6eece67fb25791c5620bdfdd1c141566a292e491400e604cbd61c68b7e1edac047096ae3e3d35914a7cb97fe8a23455d32e662f4f35039739b03813a82e601bbb0687ab983400f369f2f57cab49a80f6362a320c6ce78f9b8238dd510f53ff68d0007d471e799065bb18d69450377425af2be4546662d65d1ea8aed4c270f88badc82a178e5240d98e7f2124284f50be96f76ee5fbc5ee978d0d7c6a39af0cab0132eb7857260c96164292aa2a5ed6c0291378f704ded3c85961f0b6282796a0a5491ff725a9ac8b7128434191a585f68d5099551a3dc85333f84d92ca347dab79f32ace8c075b87d9dc13e6370759b99a53f2c5cc5a0241977155140fb3b98ee30846ed95bc6ea7a9b08e631b396f3d1f1c8d4a1d4f5324a9ace784ad5c37fc741df88be22bc968499d4bb63b76cc998d9c51cd6195bc38e2ff8db0751b370cb23ccabf11b4961b4397d5db521cdac8b903fc4f5967a74d9b72ba36893a8e69e0d4daa0ed5bbea576a69fbf6fe6b2ced88a30e7860c6fe2e2e9fc3a8c9ffd7749d0afb9a99f878ab9f8ea183f00ea786d19b361339f8d8a13d3f444be549834df514fd5c50d29de3525d075dd0955bcbc9a578c477eb29a57d47326326b38b39f07772a1f69e3b2113ab6e638711c291ab3090cf5bc3934ac8de4d4cf8c7e6dbb148e5530af990f8762f9bbc4c0523436f2b646deba994b427fc0bffef52f9595390937f9b041b85abbfaeaab9d77deceaede25d24200001ca1494441545e19d3f7e17bd93d9af32051c1fe53f9d1443eb4914f14eae0d5cd2dc36c08ebc6926581fb9088e275a321ab90315d191a5a3fff883acfa768883bf8b968635bf85e03a7e6aa5469e22d6335ac24d5fbf0bd04894eaed91676da2879d39b02624affba756f2961daca2019595020be99f76507fc6a38a69a9747a183b09438aea515adea760c31a54c0b574ea72548a5e9ebe1777ddc9fa229479fc4c4442eace6c8f5bc57ac966b7790a2a1952f3472569afe6dfca28f7f5471606d9ea4f6262e4a5059c3d195bc783a377773f33afe23d7689f6164339f6fe3ebdffaec674f1f1c1c2c63c7a832daf53555efcca2492648f6f08755bc399cd69353f9419cbcdb9fc768d770ee4cfe909d11a8e7942e7e5e6ccbbf04e5d3f94519b3d3a5a50f7df5faebdf9d7efab3e042e7f144075f1fadcb41929a05ac4de68855f571ef0a8e5d108e5a8f31352af8abe3b8e9dcd4c9f756f3b6099cd7c6d712546418eee2da0d7c2262db4ee4a3ad61f3eb6cace2c43a8e9b7fe8a1970d2693e3ea78bf7efd7a4b9706eecd347e5acb311d5cb1992f4659fec95c318177e7da7f3947442be62a5e32918fd6726286ed2b38b6272b6645901b5c40fb08ed3dfca19ed31fa666b476304d41aaea3bf1f7fa78e0295e1ad5b335f39e362eefe7818874bb9213b685f56ad928a56d56204c322bfe7ed897e7a8ec985b2e34f3deb6d027df5851f1da8d7d7d3b4a964ac20b7f2b12ed613d4f2134727a92ba0ce90c5dc998135bc94bca983ac2e61413cb99171956fa696739d5c45b27872c9b7e1e5ccdc9d9ddeb0be51cfb79a48b5f76dd7efbb1db8aec7a9f0fd51c5cc2c4c7d9373b2d320a0379475c2d8acbd573c264be3d9d9b9e6061769c2c4d7f0f7fa9e5987a4e1d6445313d8622c7384226e880faaec8a84a98d8c22569bab6717364588504538658bf9c57cde19e38532741d9346edacc251d7c3b9f567f82f24825a8875bb765d5c125cb98deca659b029244c1c2f924951163b7875b73318a9bf948e46bc4e9f0b17aa2440b978eb06513173fc5cbb38d8a40cf34d735a4d91e31af7bb9ab18da572124285dce6b72e5dab6724d173fce643d973e1ee8611721d32e6e7c8ce9ab39b529602fef826d616bbd0415fdb185483e9430a92656193bc88a151c152f1d9ecc1519d22b383e2afb26200d173af620cb5704c48c9d56ea29ea5bf9c24236cfe6ae96a02ce9c8286e99a0741a3f29657a1f77afccd5337a3257cc0d5626a32eafea797da4ecd6c227f228cda5a7f0d5256466c66ad2cb991b2ae40dcd0d22b3a376476fe3d2c58cc48f3fa588dec97b1a65cc6ae5b3fbf09d30783c2a7daa9a97e7daae8ce9d1bd14a346d8c899d1f60b63d98e08ad7c7a312311e922525e0c9ff5402e2a5d3652d4cde0a61cdfe548f67b737970167f0cafa73d22c5565454eca4e85752cf4969faca99335a4c25726487595720609908fbeb65aa7859928a34fd512e29416a25271693c658cf473bb9be81d353d4f7f1f72dfc60b4fdf634065916ad448b454f9042d9a52e2a64878f20554c8fa0b8464607df8c47c39b784b7390c4ff7937bfade2c052f619614b44e468e094d198cc236c5bc1f153b9b621961918e0d10ebede10948a1f44c0458896eded7c3daf405e2507b4f1850a5ed4ce57b67075ae507e8a86792c4bd1b08a37d6f2da7817f67cd8c0873607950ac9c56c1f61cba3b9750e9265cc0a55f74a47e81a64d99e28974d5056c68c7c3f9c24b565cc4805b1a58965cc2c6162091393d44531b80cfd69b60fb16e90a70679a22f24d0167b2d49aa16d19d66e0315a0b25a05334cee3a9148d23742c0d6ae7dba189b74fe6ca21962de39543ac9bc5efab39626350f171fb2cfe32c4aaa52c2a54fe1c7b4e251378d7243e11852d8658b98a378fb0a59203ab78d98be6cf9f57515dddb93a5845f7425959993befbc73d78336f3dec58c2ca23bdb598468ea9b193a69fbf28f42c2abf1e13bfae5eecb03f3b3e6f30a164ce3fa4574e69a56e7f2f004de3d9a2f55426b731019dfd1ac3141e9243e3e9fa5d9998012264ee2a3b3f9eb62868ab9973cf7d735852b224ec068a8e3d8254508db12b802d1799af98fe8fd26deb298e1056c88aa7b1b7873783d9db1e7fdaf62a7dc384a99329f15d1b917d115a7d7dd77df7dc58bdbb6f38de51c3ec4da69fcbc854fc68295c946de8ecca630c058ac925e8ae6888737c0e325b100de04de399b7b432a7a2e95bd44390b2773c53c9e6a0aae61a77af432a6b6f1e5793c51cf19e1f23a358177cce3c966deb79c63a3529f125a5bf9cc5c96b6f0f92a5e1ed5866718decce7d7f0d63eeeca30b2856fafe68cde30709861a8936b7a83ead4748aba26debd2fff9ccc97e371a45c8882af5dfc4fa1ed925436722e818cc19630dc10f6e2fe2e46567242b8ea4eb58479ddedfc265a8147a26d1382985f51e274048a8aab393d5ab126031fecf7b9069c02d7ff347ab8fd09966ce0231378f77c9635716e13679532753bbfebe1ae129a72c5b1f221d4c9acece56f09aa2a58329bbf4ee69b033c321406558759bf9a37afe5ad433cd5c1d737715126f8021b1a387d2adfabe5a86a5e3195ebf7e591663eb09d5b57727c1daf9fcd9fdab82c49f50a8e1be0896a0e9eca75f378b29e37c59dda343ded5cb694b9dbf86503a7a4685ec16bbaf94d13675772d016ae7a82c5dbf9538aa62d5cbd9cc33ab93643a689ff98cbd230b09b4dc880645dd0d8f3a97cf1a5d833bb30ca47a6d9369d5fcd6765288e96ece5f6de8085a389b3c27aab4c472c64b435b8ae7429531bc6281bdec31dcb382462b427a99cc60d2d1515273536169d26dd1549aa5bb9643183d1ea205a7994d01c5f7d1478a5c3fd330d9c5cc9fee1cae2e1694131defe2d7c6a099905acafe2c068c5d1c45b27f1c1c50ccd676519b31b397301eb979099c7d2c97c61117d33b8b989b316d1399bbfcee2770bd952c1826a0e8bb4cae7705f03af5fc8d6d854b625aaee9cc0bb16331046b02ba67045381574d7f29a72e6cee6af0bd95cc98b6b387c01eb17b0ae8623e6b336baef5ccd01ea795d38adbda7d0b32fa5ad98e97926bfabe225f3599e6f7a9d1eeae7cf0eab1cc6610735f378323ae7416d6dbf2c46e77d54d472d402d6cf0bca5d760ca7094a6a396a0adf5e98db3fcacce5a1563e1bdef47f27285d44ef44fe132606863332877bcb983a2358f2a627f2be66de177ea99db5bc6a167f0a1fd09dd51c5cc3a10be958c88659fc6e113d61f4f9f34b48b772d154ae59ccd06286a6704539fb2e6043747d73b8b38ce9094aa6726d789dd7a5689cc12f979099c5efcb9859c32b17b17d31fdb51cd5c69716333297074b6969e6bde10f6463639eaef333f9ed62064b46910e9ac887b37fa0b3f9f33e7c37fa6165bf16b12d973478050b1733bc987415078cfe8def82c47c56ee38575bdb7b8a31acc44d37151c9111a4224a681eccd263b8ecb2cbfce52f7f11b2668e0cbff0a3a3b2d6eddcba8e77cee5890c034ff292563e37c4faf0cb3a7a0b576ee1aac95c5ecaccb5bcad9ac39bf9e036fe7b0bdf69e3eb65ccd9cca55bf94e0b9f6be08c042521b9e1c60e2e9fc80521cb2723283f1edcc27f6de60b2374cc0c96e4876618dac46736714992b2a95c5fc351ed7c6980c7dab83c416a03e777f29366de37918f76f3db0ebe3a918fd77054679086bab0858b1b39a79d2f6e0ae969d9cfb0862367706b3737ae8c698365a394b6390135bf0db671c3463e11b16612943670ca64ae48c684dd36f0e1cd79daf04de282162e19e0f1651c3296dab678da6684aeeeb6b67d57ad5b37ba584831d697ef75ca29a7e43c6629931b393d52715948473842fcad9153a35f612b9faa60d122b62fa2b78a974653e164be52cebc85742ca2bb2ae8e2909ac59fa35fcfbc60b5b718667073f6af38ae803c9d9f8523caa648a83649c56cfe323fe0ebcd6ee2ecc50ccfe0e6144d29eae7b1345a59852197a50bd9145e8f3266cfe0c65c648938e6f2e012325157b15c48503a87bb9704c1cdc1e63c794a68e193f17b1d6d31159d7f66810a8c6c9430316a2d133e830f46ed5e469d0a9f09c3cac63c9e08fdada1c97c21bcc80fc36c6e5b44570d874de483e1f4f38704e5a1ff956e0c6a7decc355d14dcee68ea8c7cd44fe33975f17c964d7717c6cfadba12b5ac1e27db93f62332f64cbf420e59224a8d098c753f5a1de443587edcbdfab466955928d2a5e1afa731db9d260112687198b45f4d4e669b312a1920362f73c32da6a7402ef8ab6af294ef269a770c702d624a92cd6b04625ac16c271c71d67dab4d11b43dc7ac515c3fd3d3d5bb7f1df4dc1d2d7766e4d523dccd627d86f9065d3f8c516ae58c787330cb4f3d54e7e3cc0631338272cd27bf4acf3cf3f3fecde9eb9f9a69bca861e7df4dc34dddbb975239f9cca0f2b78613a4cd2d672745f60400b2a38a08245c79c78e2c3175e78e143621a11e541d9cf9331e2c69dc262ba10b709b9917ffef39f6dde1ccc0877dc7187bffe7517bd921d680ee2489975bc3b93a7dfdf04ce9dc0fbd274afe24dddfca1d0338d6b638dd09d9dcfccc616be5bcf49d51cd9c6d79771e8284597332604441a19860f39e594b38e9f36ad2fea9a362a7667c42af675445bdbb2563e93a2be9e931633922be7178d0cb990a46a02ef485137daa8b92f0f2d21939d8f8c1cdf3a8e3ff7dc73f7d8fd5d7cf1c5799f6f2daf5a427a7a81b8552daf59cce0423a2a7951de83c550cebe319720af4c501c49aae7f27038e2ff2557ca29422b9744c79fce0d7ffad39fc6f44cc655e33c0e9421190ac6ded0c197ea392d3b495b484b3c4d6f075716c9c1cb49158ba68bb1681bec0e52344ee1bb69fad7e561c8d473fc347e9161707930b2e695d88ca33656f1904fe42e1b697a5606b9e19e2a0e9dc9adf956a87169f2d12a8a7361b7a6c231201d8facafe7826e7e1b9209c6acc83b1a0ad4382529be13fbee2045c34c7e57cab48d7c3c0789243189f327f1d948c2a02fa6d05c0865cc6ce623d1df6329271ee0f1b59cbb0fd75671c8be3c18aa43ff6390a7d2f4d5f29aa89e7e1bbfc8aeb52a06cf8a610dd39e1563c96c1f47d17eb1c8e44f0a27c3cfc7a5783716b4f0c94a0ee8e56f9bb29a849630712a3fa809cac0db97734ca865352aca993f8b3f46e1884cd03ce99ab15c5b273f4ad3b50f3f2ca1355f95ec7090da39d3383abb3d2b53e1204bcb7776829f51a49f7690b3ef2f9df5ef338272e63572ee301b5605d2983b1ceb4af6df977fd6f0da61363cc521c51a55058b66737b5c60782b578e67d4dfc6af9f60714f1e4232ace743a36977e5c3b362589dfca48cf9b95ab33d1388ad76b2f37599a737796650cefc99dc3242c7320e8bfc9f6a0e9ec295b3b83d140db97919af186459766be06c94d03a898fce0a286ccde18da4dbf9daba3cbd058bc110eb96f1aaa778f9463edecb9dd1eab2873f76f293f11efb59990abbf8653d1b2671412e41b4dd412d47350789e1df4625ce85dad285784646ac24d533b9a534603b1d37c0d24a96b4f2e5a80fd0008faee1cc28815cc182d9dcb38e776ecd12954d503a910f4ee253d952471bf94858e73666cc9c39d3a2453bd879694199f55df85c49d0dae5757dfc335e673461c284ecc314c4b3e5bcebe6e646cedecc1707c6d8f5bd1006593989ff69e54bdbb9b9832bf311006248fcea57bff2f8e33bb3fd2b985bcf9b2a5830e3e52fffe8a72eb964f558aea589734b99d6c9b549cae77067282f9448b3ad83cb370592df3ba69721d624a8dc871fb6f0d93eee1d664b19532b3928bbb478804737707e57265314456b1c6897c5081a0f9e35c36ae7ab0d9c369d1b97f1ca3d21144620e5b392e366725b2dc7d77242b42a6ce592419e1866739a9ea8beac8a837bd7af4f3eb47e7d7329fb54f0c250336be2ba30cf58535b9b112b1a1c0de5ec3b29249ad4f3c606cecc30dccb5d5bb9a693eb73557186fa0d1b4b985ccaf4381902320cf472672ff76ce777dbf9537575f533bef8d85d3c6b8635c0e36b827aaa1ba6f2fde541fdfc1e79403ddc3ec8d24cd0c8e89df5bcbe8657370444d85d2a4fc39ec73b7c93419675f3ab3eee1e64f90c7e37969044928a19dc149325dab8956b3ab26ad4b3d1c09bf6e187b914fdd2f477f1c34d7c76302b5471fcf179d38dcf193c6b8645408f2ae5836d7c650637aee59d6369075b087ddc57cfc9033cb63e900b3f3f4159252fac607129d3cb985dc6cc11b6f6714f6f20c3fd609cff1745be8bf0d376a08c69ed8111ade9e5bed10296492a27716173708dbb7c07dddcbc967373c995ef2d78560d0bc2ee0f23ad4139f1939dfcb0836ff715c1b12b841e6e6be0b43a8e8f9ce00c83bddcdb3b062a7e9406caa532980ffd2ced2842352641c504ce9b18089bed540898a66f1b3774725d77d09de3190d893cd378560ceba8a38eb265cb4e2ca1cbabb873c5edb7ff28d1d5754e23e7f472c75acecb96a12c1651f3a67a4ec95e5d8d05913a6131d4ac6291a0b4997735e7302841b0f8d6f5bc2f9fd6c2de8867c5b0aeb9266760f8fe030f3860bf6df7dfffc33a4eaae290d9dcd3ce57daf95a3ebe5a3e0c044efa866a5e19ea418caa7f950b51ac6d4fe99d57054d0dbe5119762f8ba387dbd6f3813e1ed813e77a2ee1599f0ae338e0c0037b9f686c7c432d4725b76d3bf5b17bee79c3242e6ae643dbf8efadfcb087dbb305e07efffb1d046b1b36ec68aa90d9c2b726f1e95a5e1d6f39371654f2a2011e5ddfdebe3e7e9e42c8ee4154c6f47a4e69e48cf2a05bea8e40ed000fcfdc6fbf1fbff5bdeffd6da2bafa01e358c04c9dba4b05f2730fcf46d94c31affbeebb4f19d3a772ed6206e26487499c5f0cad3d45fd22b64f7bba43ea98b1902d6d7c693cfbd6734258019aceaa47ef9bcaf72329a25b6eb9e5fffc793fd3af67ab6ca628847286672e656ed42e2e45630b972e60dd3e7ca7a24007ab11ba3af9412dffaf186d886c54b0284563a1fc5936ca98dacaa7e7b1741abfac0caa4b130474b676befc04f35773760fb78ff59af656fc9f4e85f930c8ca159c50c1c21a8eaae3755581cce3db1a387b8087fbf8db76fed8c39fe34d863670711daf9fc18d2b38612c0d021a38394d77377fccb74d19d3ab38b89a5754f2e20a5e1427bc86618c3bb671734fd0066faf5edd8d17cf49c38ad0cf23fd3cd2ced74b9854cf898d9c137ea14b1ac3bce3204f74f1d32e6ee8e39f9172de6cfefa140715c94a4936726e2ff7c41dff148d551c54c7f1f59c982a30126ee77f37f3a59e80c3f79c8f8e3f93784e1b561cc36ceae0aa0eaeaae485b51cdbc069e541c3c77d27f2f1897c7c84cedeb07d471973a673d36a4e0e555ef2a29a834a6819e6b7f59c1412528f0c35be8a72196a39ae96e306832cc3db7bc649127d3e2091c93c377e58f7df7fbf030e183b9fb28cd995ec57cd2baa39ac9c85d9d1ec0ce921560ef2e4309b4349ea0c4a92c1b6a5d51c5292d5483d1f32a407f86728ceff30464a995afb74ab1021a7f1ea4d7c3a3bad73cb2db738fae8a3c77caf7b13f69a112b1f4239a1a7baf8194149f004ded5c267854e742290489a59ac90c928e77b7c0d6febc9d14678031734f1b636be92a47602efa9e3c4273960f8196836f95cc6736a55b82790a637be32db83c874f0e5a5bc20975145db6ce13b4ff1b2a8f5492953daf288f43e9ff1bc31ac5034ec9df378bc2e289dc9f471df463ebe96f336f2b122f391996136f6f08728fa9f21bd9e0face343c5b480ebe79155bc29dab69e339b8a10a97b3e61af9f0a234ce1aa4861b09f7face1acec7cdf40408afdc9367ed1cdcd094a1324d30ca7e91ea67d804787583795abab3932c3d05aceda3a4af7896c84fd662e6ee1f3099293b9ba8f078aa577eded785e18562b9f8a8caa9b9b57737a2e966f252f44662317e6526a8e30852b1b787b86a1d5bcbeab4841fd6c6ce6b27ade58c1fe61e78f2f2ee3f9edb587d8dba7c2c464be31918bd26c5bcd692b382e1f75bc8a83b7f18b4246d5c6179a382fe4fa9d3e5ea3220898aee40dd1945acdabaa76a313eade84bddab06a387c42a0cd99d8c8c73b73b4558b90a0ac8a033b0ac879b7f0f1663e92a67725c776ed46ce31c220cb639d5c130db934d19f87d8ab0dab2e94491a61cb965168e0d51c8c4cbea0e504ce9dc4a7330caee2c4ee9846fdee22de1d2cbb8bd7f315cf191f2b954ac9a76d39343464fbf69d7993612bbb37422f7f1d4d12bb9e37f6f3702efa7d0327b7f1ad0ce9b59c135670ee31f4f3e0767e57c3d1e5bc60a0bb7b723a9d5e378696787b1ffeafcb2b8a79dd7aebaecd5027f0cea82c656a1174a5056c989643f1a59c398bd8b684741367efa1c7ba13ea39712e8f44d7dbc4796bd7aefd3f7faeff3665336341e3cebd6a76e9711847050b4b68c9a65f95d0349d1b93d46ee4a35b76a38b6b3652344de2fcb93c328d1bc282bfe8da4fdb53e779aee23933158e0535bc32927b84f897960bb5a13e799c6655c5cba6f2e3326674f08d4d7c7177afab8285b51c5bcda1d5bc32435f2ff76ce39799405cf6c09a606578c8e9af7bdd61836565b7c17efbede7f2cb2fdfddd33fa7b0571a5673a034b7236553c97e29eaf26967d58632e2a1e24d6202e7b6f2d524953dfc399f765531081b76beb581532b02ea586298f5eb78c756ae97553e339787cb59b8e2de7b2f5c1e12404a4af6caafa120f6ba3b4a065d4d5f9dfd76252fd99e5b5e315119ca4156b0645fee8bfaf90df2e4caa047f3f058afa39a97d6735a0367a662da5f5bb96a5d0195965eee2a6761354794d03c1605e3bd097b9d8f55cde1092a06b26862f59c9c6bfb326646b2d529ea6346b56c19af2c960d94a4ba8ee3dbb86c2e8fcde26f0d9cde17e32c76f0cd35bca390f44f14ee4890aa1d430b91bd0d7b9d61d584f9bb8da14e4284064ecb257b581e34f5de05eb0216f6a8128b65cc6a096ada974fe7c609bc7f90c757f0ea4799b8918f45db760464dc828853bdeaf2f49b7e3e60af9b0a2b79492f770e868a351906139425a96ae1336b79677cfb921cda539dfc70b45855397327f1897a4e097bd7dcb5910bbbb93917f57d8835033125e37c186279f4ffaa5847ade71bf62ac34ad158c94bd6054d904a083a3224a99d14748738b79f7f743c9d4251ca94f8313ab9369f465719d31a38ad9e53ca98d1c975ab38a92fd06328a831d15b6419f208dd43ac2d654a096d351c2674e29f4fd8ab0cab3ee86095eee4a735bc0ab6f1ab419667e86fe5b236bed5cb3d51ed559c06d6cf3f57f316592bb54a5ed4c697aa3932ec04f6c5b07b68310acd081a4616bbed204f4506df1048253def0c6baff2b1ea38a18ffb330c9607aa311d83e1d4b299af6ce5ca04c996b0a72241f7d4e8ffed7c45cca8cad86732df98cddfaa38a29b5f3dc9fe1bf9cc588c4a70d0510b00238cc456823561ffc2e71bf61ac32a656a0d474564d20af6cf2a9acbace19d6b38ab9a57b6050d8b521183ba8ffba2647025fb4de59ab92cabe74d9bf9e2e3cc58c109bba13658f4e81f5f899632b38279e33ce773167bcd54d8c89909caa2e57a252fcec52cde1ac834d64de6f2148d51d380f57ca094c9fbf0bd6a8e1861eb7adeb385ef65c611c7ca4692ea62b7cd4a2d25aa3944d0b6ef7983bd66c48abab90f84457a65ccc9c77cd9c295fddcdfc85bab3974881549aa6773573547f4f3cf23cf3df7a0f64ce6ea7426333c9e24eb61871d169d2e41d092650cb7b3133bbafc793862ed158655c2a4aaa0a9d0e621d69630294975be4ad10cc32b38719875295a4a983c23e895dcb78ad73fc18b07f6dc081151ccc632fa67f7b57ed634f09f2dec1553e1d0b66d2f4c5092a27949407f2f23e8aa15560ae4d247c884af1dc9e70cfd4dbcbb89731efbed6f07ffe3b8e306d20c87355ac31946429df391f0986979a8f25b1f7a283585441427abe4a553f86686a134fd197a46d89ea12f4d6f3a24c926489687a4d60803bdbd053baeee8dd82b0c6b6464241a59136225326581c2f0f49c3be540390bcb59085b57ad72dbaaecf6366343d3cec75e305a95453e64d2e9bde27b180bf68a1bda67debcdbcf3afffc0b42ba562a74c8938f3ef2483293c9a404537a2a19be1ffd9d08ff453211bea2bf070706927dbdbd2981b1263dfd79327a2fdc27117b6fc76b7070309149a7a329ad189722cd8e61345d515e2e9148a4919e366fdef34ed1efff03ca779f32deeb34860000000049454e44ae426082',NULL,NULL,NULL,NULL,NULL,NULL,NULL,NULL,NULL,200,1,NULL,2),
 (2,NULL,NULL,NULL,'李四','12444424555',NULL,NULL,NULL,NULL,NULL,NULL,NULL,NULL,NULL,NULL,NULL,'周发社区',NULL,NULL,NULL,NULL,NULL,NULL,NULL,NULL,NULL,NULL,0,1,NULL,0),
 (3,NULL,NULL,NULL,'王五','1884424555',NULL,NULL,NULL,NULL,NULL,NULL,NULL,NULL,NULL,NULL,NULL,'周兴社区',NULL,NULL,NULL,NULL,NULL,NULL,NULL,NULL,NULL,NULL,0,1,NULL,0),
 (4,NULL,NULL,NULL,'赵六','124342324555',NULL,NULL,NULL,NULL,NULL,NULL,NULL,NULL,NULL,NULL,NULL,'周西社区',NULL,NULL,NULL,NULL,NULL,NULL,NULL,NULL,NULL,NULL,0,1,NULL,0),
 (5,NULL,NULL,NULL,'冯七','1777724555',NULL,NULL,NULL,NULL,NULL,NULL,NULL,NULL,NULL,NULL,NULL,'周南社区',NULL,NULL,NULL,NULL,NULL,NULL,NULL,NULL,NULL,NULL,0,1,NULL,0),
 (6,NULL,NULL,NULL,'刘八','12488884555',NULL,NULL,NULL,NULL,NULL,NULL,NULL,NULL,NULL,NULL,NULL,'周盛社区',NULL,NULL,NULL,NULL,NULL,NULL,NULL,NULL,NULL,NULL,0,1,NULL,0),
 (7,NULL,NULL,NULL,'唐九','12444989766',NULL,NULL,NULL,NULL,NULL,NULL,NULL,NULL,NULL,NULL,NULL,'周顺社区',NULL,NULL,NULL,NULL,NULL,NULL,NULL,NULL,NULL,NULL,0,1,NULL,0),
 (8,NULL,NULL,NULL,'滕十','12448889455',NULL,NULL,NULL,NULL,NULL,NULL,NULL,NULL,NULL,NULL,NULL,'周水子社区',NULL,NULL,NULL,NULL,NULL,NULL,NULL,NULL,NULL,NULL,0,1,NULL,0),
 (9,NULL,NULL,NULL,'贾十一','124444774435',NULL,NULL,NULL,NULL,NULL,NULL,NULL,NULL,NULL,NULL,NULL,'周北社区',NULL,NULL,NULL,NULL,NULL,NULL,NULL,NULL,NULL,NULL,0,1,NULL,0),
 (10,NULL,NULL,NULL,'高永强','13998618869','总经理','甘-10-1','大连中远船务工程有限公司是中远船务工程集团旗下的核心企业之一。公司以船舶与海洋工程产品的修理、改装、制造为主业。公司位于环渤海湾港口群的要冲、美丽的滨海城市大连。占地120万平方米，岸线总长3200米，市场遍及欧、美、亚多个国家和地区。公司拥有30万吨级浮船坞、15万吨级浮船坞和8万吨级干船坞各1座，坞容总量达到53万吨；专用修船码头8座，配有3台200吨门式起重机，1台400吨门式起重机等各类配套吊运设施。公司于2007年进军船舶制造领域，目前拥有钢加工、分段装焊、管子加工、涂装等厂房共计12万平方米，5000吨、10000吨级船台各1座，以及年处理能力达20万吨的钢材预处理流水线等多个重要生产设施。近年来，大连中远船务顺应形势发展，坚持改革创新，市场地位和品牌价值不断提升，综合实力和业务范围不断扩大，实现了从单一修船到修船、造船、海工三业并举的产品转型。公司拥有OBO、PCTC、VLCC、VLOC、FPSO等多种特殊船型的修理和改装实力，先后成功改装完成了“海洋骄傲”、“太阳神松寿”、“卡普”、“柏松”、“旭日东升”等多个FPSO，被业界誉为“中国第一FPSO改装工厂”。公司还承接了世界最大深水钻井船、系列JACK-UP自升式钻井平台、小型LNG运输船、3万吨教学实习船、PSV、DSV、12000吨抬浮力打捞工程船、模块运输船、22000吨成品油轮以及系列30000吨重吊船、57000吨散货船、80000吨散货船、82000吨散货船、92500吨散货船等海工和船舶建造项目，并为韩国三星自主设计建造了世界最大的50万吨级浮船坞。公司于2011年被评定为“国家高新技术企业”。','4771fdc4-7c5f-4be5-963c-643c89a26a48','2017-12-05 00:10:18.0652848',NULL,NULL,NULL,NULL,'2017-12-05 00:11:10.3107254','4771fdc4-7c5f-4be5-963c-643c89a26a48','大连中远船务工程有限公司','',NULL,NULL,NULL,'','',NULL,NULL,NULL,NULL,200,12,'企业',0),
 (11,NULL,NULL,NULL,NULL,NULL,NULL,'甘-10-2','中国第一重型机械集团大连加氢反应器制造有限公司（以下简称“大连加氢公司”）是中国第一重型机械股份公司的全资子公司，位于大连市甘井子区大连湾镇棉花岛，注册资金204,868万元，厂区三面临海，交通便利。中国一重集团一直以建设成为具有国际竞争力的大型企业集团为目标，不断开拓进取。为走向世界、做大做强积极调整发展战略。一重的主要产品是关系到国民经济的重要产品属于大型、超大型设备，加氢反应器单台最重可达2000吨，大型成套轧制设备的单个机架重量可达300吨左右，陆路根本无法运出，必须有临港码头，公司总部正是受到大型产品运输的限制，为了容器产品可直接出口以及更长远的发展，选择了在大连注册子公司，自行建造3000T级码头，主要用于大型、超大型设备的运输，为企业在国际市场上具有一定的竞争优势创造更好的条件。在秦山核电公司60万千瓦级核反应堆压力容器、稳压器制造成功的基础上，由我公司承制的我国首台完全自主化红沿河核电站1#机组百万千瓦级核反应堆压力容器发往红沿河，此举标志着我国百万千瓦级核岛主设备已完全实现国产化，达到了国际先进水平，标志着我公司核电主设备方面又取得了重大、阶段性的突破，为后续产品制造积累了宝贵的经验。几年的发展过程中荣获过很多的奖项。','4771fdc4-7c5f-4be5-963c-643c89a26a48','2017-12-05 00:10:59.5463478',NULL,NULL,NULL,NULL,NULL,NULL,'一重加氢公司','',NULL,NULL,NULL,'','',NULL,NULL,NULL,NULL,200,12,'企业',0),
 (12,NULL,NULL,NULL,NULL,NULL,NULL,'甘-10-3',NULL,'4771fdc4-7c5f-4be5-963c-643c89a26a48','2017-12-05 00:11:36.2819547',NULL,NULL,NULL,NULL,NULL,NULL,'大连大公路北方有限公司','',NULL,NULL,NULL,'','',NULL,NULL,NULL,NULL,200,12,NULL,0),
 (13,NULL,NULL,NULL,'陈继状','87125687','法人','甘-10-4','辽宁省大连海洋渔业集团公司（简称辽渔集团） 坐落于辽东半岛大连湾畔，始建于1945年，是省属国有独资的综合性大型渔业联合企业。企业资产总值达94亿元，员工6000余人，海陆域总面积近300万平方米，目前已形成集海洋捕捞、港口航运、水产品交易、水产品加工、冷藏、国内外营销、船舶修造、地产开发、物资供应等多产业多元化的经营格局，成为国内同行业最具综合规模优势、产业链条最为完整的现代化渔业基地。“十三五”期间，辽渔集团将致力建设成为以海洋为依托，以海洋食品为龙头，以捕捞、冷藏、渔港、客滚、修造船、水产品贸易、食品加工、冷链物流为支撑的全产业链的现代服务型企业集团。','4771fdc4-7c5f-4be5-963c-643c89a26a48','2017-12-05 00:12:05.8478873',NULL,NULL,NULL,NULL,NULL,NULL,'辽宁省大连海洋渔业集团','',NULL,NULL,NULL,'','',NULL,NULL,NULL,NULL,200,12,NULL,0),
 (14,NULL,NULL,NULL,'杨树华','13842619009','法人','甘-10-5','大连远辰客运有限公司是原辽宁省大连海洋渔业集团下属公司，为落实国家大型国有企业主辅分离政策，2003年9月从辽宁省大连海洋渔业集团公司分离出来，经辽宁省国资委和大连市体改委批准改制，由大连市工商局批准注册成立大连市远辰运输有限公司，2006年更名为大连远辰客运有限公司。公司占地20000平方米，建筑面积4000平方米。公司下属公交客运分公司、环路客运分公司、旅游通勤分公司、汽车出租分公司、货运分公司、大连湾维修厂、金南路修配厂、加油站（正在动迁中）、三元水产冷库九个经营实体。现有职工287人，营运车辆160辆，固定资产4068万元。公司是从1992年开始从事道路客运，2005年开始将近郊长途客运实行公交化管理，特别是公司所在地变成城市街道后，加快了公交化进程，公司现有客运线路青泥洼桥至大连湾、解放路至大连湾、解放路至大连湾快速班线，青泥洼桥至前关、苏家工业区至姚家、湾环1、2、3、4路、大连湾至拉树房、大连湾至北乐、甘井子至棋盘十一条线路。','4771fdc4-7c5f-4be5-963c-643c89a26a48','2017-12-05 00:12:33.6037608',NULL,NULL,NULL,NULL,NULL,NULL,'大连远辰客运有限公司','',NULL,NULL,NULL,'','',NULL,NULL,NULL,NULL,200,12,NULL,0),
 (15,NULL,NULL,NULL,NULL,NULL,NULL,'甘-10-6','华能大连电厂坐落在大连湾海边，靠近大连经济技术开发区，距市中心约30公里。该厂以合资方式始建于1986年，主要利用外资成套引进了80年代具有国际先进水平的现代化设备，1988年建成投产。一期工程投用的两套火力发电机组，具有70万千瓦的发电能力。几年来，该厂年发电量都在38亿度以上，工厂生产的全过程基本实现了自动化控制。

华能大连电厂在不断发展的过程中，利用计算机系统作为企业管理中强有力的手段，依靠科学方法对一流的生产设备的有效管理，对企业信息系统进行综合管理，在市场经济的竞争中创造出一个高效率的一流的现代化电厂，实践中的一些经验和应用效果，值得我们借鉴和吸取。','4771fdc4-7c5f-4be5-963c-643c89a26a48','2017-12-05 00:13:26.7286087',NULL,NULL,NULL,NULL,NULL,NULL,'华能集团大连电厂','',NULL,NULL,NULL,'','',NULL,NULL,NULL,NULL,200,12,NULL,0),
 (16,NULL,NULL,NULL,NULL,NULL,NULL,'甘-10-7',NULL,'4771fdc4-7c5f-4be5-963c-643c89a26a48','2017-12-05 00:13:47.0091931',NULL,NULL,NULL,NULL,NULL,NULL,'李家村','',NULL,NULL,NULL,'','',NULL,NULL,NULL,NULL,200,12,'行政村',0),
 (17,NULL,NULL,NULL,NULL,NULL,NULL,'甘-10-8',NULL,'4771fdc4-7c5f-4be5-963c-643c89a26a48','2017-12-05 00:14:11.566212',NULL,NULL,NULL,NULL,NULL,NULL,'湾浦村','',NULL,NULL,NULL,'','',NULL,NULL,NULL,NULL,200,12,'行政村',0),
 (18,NULL,NULL,NULL,NULL,NULL,NULL,'甘-10-9',NULL,'4771fdc4-7c5f-4be5-963c-643c89a26a48','2017-12-05 00:14:26.2449369',NULL,NULL,NULL,NULL,NULL,NULL,'大连湾村','',NULL,NULL,NULL,'','',NULL,NULL,NULL,NULL,200,12,'行政村',0),
 (19,NULL,NULL,NULL,NULL,NULL,NULL,'甘-10-10',NULL,'4771fdc4-7c5f-4be5-963c-643c89a26a48','2017-12-05 00:15:00.4930614',NULL,NULL,NULL,NULL,NULL,NULL,'棉花岛村','',NULL,NULL,NULL,'','',NULL,NULL,NULL,NULL,200,12,'行政村',0),
 (20,NULL,NULL,NULL,'魏永祥','0411-87122282','总经理','甘-10-36','<p><strong>大连神通电气有限公司（原名：大连低压开关厂）</strong></p>
<p>法人代表：魏永祥（董事长），公司总经理：魏永祥</p>
<p>成立时间：一九四六年，公司性质：有限责任</p>
<p>注册地址：大连市甘井子区北海工业园苏家(原址：大连市沙河口区华北路334号)，</p>
<p>经营范围：开关控制设备、高低压成套开关设备、起重电器、安全保护装置、电气传动装置设计制造；低压电器元件、制冷电控设备、制冷空调设备及备件加工。</p>
<p>大连神通电气有限公司地处辽东半岛的最南端，她三面环海，具有海洋性暖湿带大陆性季风气候。 公司座落于大连甘井子区北海工业园，拥有从模具制造到表面处理等生产开关电器产品所需的九大专业工种，同时具备高低压成套设备、高低压电器、传动电器、制冷电控、电子电器等产品的研发、制造、销售及安装维修等项服务。</p>
<p>公司有按IEC标准验收的低压电器中心试验站和国家二级计量标准的中心计量室，质量保证体系完整，建立了计算机辅助设计中心。公司设备精良，技术先进，工艺手段齐全，主要生产设备281台（套），其中大精设备31台，数控设备13台，关键设备9台。占地面积6.1万平方米，建筑面积3万平方米。"</p>','4771fdc4-7c5f-4be5-963c-643c89a26a48','2017-12-05 00:15:25.9895822',NULL,NULL,NULL,NULL,'2017-12-07 22:04:02.111328','b0b8264c-f6a2-494e-9380-bdd5ab9b0809','大连神通电气有限公司','',NULL,NULL,NULL,'','',NULL,NULL,NULL,NULL,200,12,'企业',1),
 (21,NULL,NULL,NULL,'王文铁','0411-87110200','法人','甘-10-23','大连盛达集装箱货运有限公司,位于辽宁省大连市甘井子区后盐村，1998年11月12日成立，经营范围包括集装箱货运等业务，法人：王文铁。','4771fdc4-7c5f-4be5-963c-643c89a26a48','2017-12-05 00:16:08.6219342',NULL,NULL,NULL,NULL,NULL,NULL,'大连盛达集装箱货运有限公司','',NULL,NULL,NULL,'','',NULL,NULL,NULL,NULL,200,12,'企业',0),
 (22,NULL,NULL,NULL,'郭萍',NULL,'经理','甘-10-35','大连佩克石化产品运输有限公司，2007年08月31日成立，经营范围包括危险货物运输（3类）、普通货运等。
','4771fdc4-7c5f-4be5-963c-643c89a26a48','2017-12-05 00:16:45.4385558',NULL,NULL,NULL,NULL,NULL,NULL,'大连佩克石化产品运输有限公司','',NULL,NULL,NULL,'','',NULL,NULL,NULL,NULL,200,12,NULL,0),
 (23,NULL,NULL,NULL,NULL,NULL,NULL,'甘-10-11',NULL,'4771fdc4-7c5f-4be5-963c-643c89a26a48','2017-12-05 00:17:03.449956',NULL,NULL,NULL,NULL,NULL,NULL,'前关村','',NULL,NULL,NULL,'','',NULL,NULL,NULL,NULL,200,12,'行政村',0),
 (24,NULL,NULL,NULL,NULL,NULL,NULL,'甘-10-12',NULL,'4771fdc4-7c5f-4be5-963c-643c89a26a48','2017-12-05 00:17:20.043783',NULL,NULL,NULL,NULL,NULL,NULL,'后关村','',NULL,NULL,NULL,'','',NULL,NULL,NULL,NULL,200,12,'行政村',0),
 (25,NULL,NULL,NULL,NULL,NULL,NULL,'甘-10-13',NULL,'4771fdc4-7c5f-4be5-963c-643c89a26a48','2017-12-05 00:17:35.2688685',NULL,NULL,NULL,NULL,NULL,NULL,'前盐村','',NULL,NULL,NULL,'','',NULL,NULL,NULL,NULL,200,12,'行政村',0),
 (26,NULL,NULL,NULL,NULL,NULL,NULL,'甘-10-14',NULL,'4771fdc4-7c5f-4be5-963c-643c89a26a48','2017-12-05 00:17:48.2301862',NULL,NULL,NULL,NULL,NULL,NULL,'后盐村','',NULL,NULL,NULL,'','',NULL,NULL,NULL,NULL,200,12,'行政村',0),
 (27,NULL,NULL,NULL,NULL,NULL,NULL,'甘-10-15',NULL,'4771fdc4-7c5f-4be5-963c-643c89a26a48','2017-12-05 00:17:56.5316596',NULL,NULL,NULL,NULL,NULL,NULL,'拉树房村','',NULL,NULL,NULL,'','',NULL,NULL,NULL,NULL,200,12,'行政村',0),
 (28,NULL,NULL,NULL,NULL,NULL,NULL,'甘-10-16',NULL,'4771fdc4-7c5f-4be5-963c-643c89a26a48','2017-12-05 00:18:08.0942408',NULL,NULL,NULL,NULL,NULL,NULL,'毛茔子村','',NULL,NULL,NULL,'','',NULL,NULL,NULL,NULL,200,12,'行政村',0),
 (29,NULL,NULL,NULL,'白姜','13109835998','村长','甘-10-17',NULL,'4771fdc4-7c5f-4be5-963c-643c89a26a48','2017-12-05 00:18:27.5985393',NULL,NULL,NULL,NULL,NULL,NULL,'苏家村','',NULL,NULL,NULL,'','',NULL,NULL,NULL,NULL,200,12,'行政村',0),
 (30,NULL,NULL,NULL,'刘海云','13942635795','村主任','甘-10-19',NULL,'4771fdc4-7c5f-4be5-963c-643c89a26a48','2017-12-05 00:18:47.3399929',NULL,NULL,NULL,NULL,'2017-12-05 00:18:54.0952635','4771fdc4-7c5f-4be5-963c-643c89a26a48','土城子村','',NULL,NULL,NULL,'','',NULL,NULL,NULL,NULL,200,12,'行政村',0),
 (31,NULL,NULL,NULL,NULL,NULL,NULL,'甘-10-20',NULL,'4771fdc4-7c5f-4be5-963c-643c89a26a48','2017-12-05 00:19:37.0093685',NULL,NULL,NULL,NULL,NULL,NULL,'宋家村','',NULL,NULL,NULL,'','',NULL,NULL,NULL,NULL,200,12,'行政村',0),
 (32,NULL,NULL,NULL,NULL,NULL,NULL,'甘-10-22',NULL,'4771fdc4-7c5f-4be5-963c-643c89a26a48','2017-12-05 00:19:51.9359199',NULL,NULL,NULL,NULL,NULL,NULL,'大连宝黎土石方工程运输有限公司','',NULL,NULL,NULL,'','',NULL,NULL,NULL,NULL,200,12,'企业',0),
 (33,NULL,NULL,NULL,NULL,NULL,NULL,'甘-10-24',NULL,'4771fdc4-7c5f-4be5-963c-643c89a26a48','2017-12-05 00:20:06.1915925',NULL,NULL,NULL,NULL,NULL,NULL,'大连志通大件有限公司','',NULL,NULL,NULL,'','',NULL,NULL,NULL,NULL,200,12,'企业',0),
 (34,NULL,NULL,NULL,NULL,NULL,NULL,'甘-10-26',NULL,'4771fdc4-7c5f-4be5-963c-643c89a26a48','2017-12-05 00:20:22.003401',NULL,NULL,NULL,NULL,NULL,NULL,'大连广隆混凝土制造有限公司','',NULL,NULL,NULL,'','',NULL,NULL,NULL,NULL,200,12,'企业',0),
 (35,NULL,NULL,NULL,NULL,NULL,NULL,'甘-10-27',NULL,'4771fdc4-7c5f-4be5-963c-643c89a26a48','2017-12-05 00:20:32.9539076',NULL,NULL,NULL,NULL,NULL,NULL,'大连辽渔建设有限公司','',NULL,NULL,NULL,'','',NULL,NULL,NULL,NULL,200,12,'企业',0),
 (36,NULL,NULL,NULL,NULL,'18900998376','董事长','甘-10-28','大连宝荣机械化工程有限公司成立于1999年8月，是一家从事土石方工程施工以及石料加工运输的较大型民营股份制企业。公司现有高中级职称人员30人，持证上岗人员30人。拥有各类工程施工机械设备101台（套），其中：小松300以上型挖掘机15台，装载机12台，DM351钻机4台，15吨以上型载重自卸汽车70台。公司拥有总资产9400万元，年总产值1.25亿元。
公司自成立以来秉承“团结、务实、开拓、进取”的企业精神，遵循“守合同、守信用”、“质量第一、信誉第一”的服务宗旨。致力为国家建设，为业主提供高效、快速、优质的服务。由于，公司对内深化改革，对外充分发挥企业优势，努力拓展国内市场，不断提高经济效率和社会效益，壮大了企业综合实力。公司先后在大连、山东等地城建各类大、中型土石方工程100多项。工程一次性验收合格率为100%，优良率86%，还有不少工程被评为优质工程。
2005年公司承揽大连湾港区通用杂货泊位堆截区土石方倒运工程，工程总造价7100万元，2006年公司承揽大连长兴岛通用泊位陆域回填工程，工程总造价8000万元，2007年公司承揽大连船舶海洋工程建造基地一期工程，工程总造价8000余万元。公司年产值、年利润每年都在飞速递增。集体经济巩固了，势力加强了，诸多工程都在向我们招手。08年旅顺建港近亿元的工程，我公司已投标并中标，目前已进入工程的前期准备工作，预计年利润将达千万元。
今后，公司将一如既往的为各界用户提供高技术、高质量、高效率的服务。同时希望在各工程领域能得到同仁的支持和合作，创造出更多更好的优质工程、精品工程，共创美好的未来。
','4771fdc4-7c5f-4be5-963c-643c89a26a48','2017-12-05 00:21:08.3999703',NULL,NULL,NULL,NULL,NULL,NULL,'大连宝荣运输有限公司','',NULL,NULL,NULL,'','',NULL,NULL,NULL,NULL,200,12,NULL,0),
 (37,NULL,NULL,NULL,NULL,NULL,NULL,'甘-10-29',NULL,'4771fdc4-7c5f-4be5-963c-643c89a26a48','2017-12-05 00:21:41.0367315',NULL,NULL,NULL,NULL,NULL,NULL,'大连盛运运输有限公司','',NULL,NULL,NULL,'','',NULL,NULL,NULL,NULL,200,12,'企业',0),
 (38,NULL,NULL,NULL,NULL,NULL,NULL,'甘-10-32',NULL,'4771fdc4-7c5f-4be5-963c-643c89a26a48','2017-12-05 00:21:51.6022608',NULL,NULL,NULL,NULL,NULL,NULL,'大连金基混凝土制造有限公司','',NULL,NULL,NULL,'','',NULL,NULL,NULL,NULL,200,12,'企业',0),
 (39,NULL,NULL,NULL,NULL,NULL,NULL,'甘-10-31',NULL,'4771fdc4-7c5f-4be5-963c-643c89a26a48','2017-12-05 00:22:03.9917888',NULL,NULL,NULL,NULL,NULL,NULL,'大连广业混凝土有限公司','',NULL,NULL,NULL,'','',NULL,NULL,NULL,NULL,200,12,'企业',0),
 (40,NULL,NULL,NULL,NULL,NULL,NULL,'甘-10-33',NULL,'4771fdc4-7c5f-4be5-963c-643c89a26a48','2017-12-05 00:22:18.8769644',NULL,NULL,NULL,NULL,NULL,NULL,'大连双德石油销售有限公司','',NULL,NULL,NULL,'','',NULL,NULL,NULL,NULL,200,12,'企业',0),
 (41,NULL,NULL,NULL,NULL,NULL,NULL,'甘-10-34',NULL,'4771fdc4-7c5f-4be5-963c-643c89a26a48','2017-12-05 00:22:31.4071069',NULL,NULL,NULL,NULL,NULL,NULL,'大连平安环保产业有限公司','',NULL,NULL,NULL,'','',NULL,NULL,NULL,NULL,200,12,'企业',0),
 (42,NULL,NULL,NULL,'张玉宝','13204057199','村委书记','甘-10-21',' 大连湾地处辽东半岛最南端的海湾，隶属于大连市甘井子区。水土资源丰富，具有可观价值，建有大连港（大连港、香炉礁杂货港、和尚岛煤港和大连新港）以及大窑湾港（新建），构成巨大的港口群。大连港年吞吐量达7600万吨。大连港位于湾南岸，大连造船厂位于湾西岸，大连钢铁（大钢）、大连石化（大化）位于造船厂东北湾岸。甘井子区大连湾街道大房身村归大连湾街道管理、毗连子校家属社区、前关村、李家村、大连湾村,茂林成荫,花团锦簇,社会和谐稳定','4771fdc4-7c5f-4be5-963c-643c89a26a48','2017-12-05 00:22:51.2988856',NULL,NULL,NULL,NULL,NULL,NULL,'大房身村','',NULL,NULL,NULL,'','',NULL,NULL,NULL,NULL,200,12,NULL,0);
 
 INSERT INTO `SecurityPersons` (Id,Address,Company,CreateBy,CreationDate,GroupId,IdCardNum,Metadata,ModificationDate,ModifyBy,Name,RegisterAddress,Status,Tel,Title,TownId,VersionNumber) VALUES (1,'大连','大连市',NULL,NULL,20,'12321123123123',NULL,NULL,NULL,'张三','大连',0,'123456789','职工',12,0);
 
INSERT INTO `Drivers` (Id,ContactAddress,CreateBy,CreationDate,FirstLicenseIssueDate,Gender,GroupId,IdCardNumber,LicenseIssueDate,LicenseNumber,LicenseType,LicenseValidYears,LivingAddress,Metadata,ModificationDate,ModifyBy,Name,PhotoAvatar,PhotoDriverLicense,PhotoIdCard1,PhotoIdCard2,PhotoWarranty,ResidentType,Status,Tel,Title,TownId,VersionNumber,WarrantyCode) VALUES (1,NULL,NULL,NULL,NULL,1,1,'111333122233445566','2003-03-03 00:00:00','5553445667',1,10,NULL,NULL,'2017-12-07 23:17:58.2563676','b0b8264c-f6a2-494e-9380-bdd5ab9b0809','容可佳',NULL,NULL,NULL,NULL,NULL,1,200,'12244452677',NULL,1,1,NULL),
 (2,NULL,NULL,NULL,NULL,1,NULL,'222333122233445566','2004-03-03 00:00:00','6663445667',2,10,NULL,NULL,NULL,NULL,'禄冰露',NULL,NULL,NULL,NULL,NULL,1,0,'12344453677',NULL,1,0,NULL),
 (3,NULL,NULL,NULL,NULL,2,NULL,'333333122233445566','2005-03-03 00:00:00','7773445667',3,10,NULL,NULL,NULL,NULL,'叶饮香',NULL,NULL,NULL,NULL,NULL,1,0,'12444454677',NULL,1,0,NULL),
 (4,NULL,NULL,NULL,NULL,1,NULL,'444333122233445566','2006-03-03 00:00:00','8883445667',4,10,NULL,NULL,NULL,NULL,'程欣悦',NULL,NULL,NULL,NULL,NULL,1,0,'12564455677',NULL,1,0,NULL),
 (5,NULL,NULL,NULL,NULL,1,NULL,'555333111233445566','2007-03-03 00:00:00','9991235667',5,10,NULL,NULL,NULL,NULL,'阚琼诗',NULL,NULL,NULL,NULL,NULL,1,0,'12644456677',NULL,1,0,NULL),
 (6,NULL,NULL,NULL,NULL,2,NULL,'666333222233445566','2007-01-30 00:00:00','0002345667',8,10,NULL,NULL,NULL,NULL,'耿许洌',NULL,NULL,NULL,NULL,NULL,1,0,'12744456677',NULL,1,0,NULL),
 (7,NULL,NULL,NULL,NULL,1,NULL,'777333333233445566','2008-02-22 00:00:00','2232345111',14,10,NULL,NULL,NULL,NULL,'富秋翠',NULL,NULL,NULL,NULL,NULL,1,0,'12814456677',NULL,1,0,NULL),
 (8,NULL,NULL,NULL,NULL,1,NULL,'888333444233445566','2009-03-01 00:00:00','2234565222',16,10,NULL,NULL,NULL,NULL,'贺叶飞',NULL,NULL,NULL,NULL,NULL,1,0,'12392456677',NULL,1,0,NULL),
 (9,NULL,NULL,NULL,NULL,1,NULL,'222333555233445566','2000-04-02 00:00:00','2235675333',6,10,NULL,NULL,NULL,NULL,'莘山芙',NULL,NULL,NULL,NULL,NULL,1,0,'12303456677',NULL,1,0,NULL),
 (10,NULL,NULL,NULL,NULL,2,NULL,'222333666233445566','2003-05-03 00:00:00','2236785444',6,10,NULL,NULL,NULL,NULL,'卓秀华',NULL,NULL,NULL,NULL,NULL,1,0,'12344456677',NULL,1,0,NULL),
 (11,NULL,NULL,NULL,NULL,1,NULL,'222333777233445566','2003-06-04 00:00:00','2237894555',1,10,NULL,NULL,NULL,NULL,'孟滇萍',NULL,NULL,NULL,NULL,NULL,1,0,'12345456677',NULL,1,0,NULL),
 (12,NULL,NULL,NULL,NULL,1,NULL,'222333888233445566','2003-07-05 00:00:00','2238905666',2,10,NULL,NULL,NULL,NULL,'尹从南',NULL,NULL,NULL,NULL,NULL,1,0,'12346456677',NULL,1,0,NULL),
 (13,NULL,NULL,NULL,NULL,1,NULL,'222333999233445566','2003-08-06 00:00:00','2233445777',3,10,NULL,NULL,NULL,NULL,'菱芳蔼',NULL,NULL,NULL,NULL,NULL,1,0,'12347456677',NULL,1,0,NULL),
 (14,'大连神通电气有限公司','4771fdc4-7c5f-4be5-963c-643c89a26a48','2017-12-05 10:14:10','1988-12-08 00:00:00',1,20,'210221196203190553','2011-12-08 00:00:00',NULL,2,10,'大连市金州区香水路87号1-2-6',NULL,NULL,NULL,'毕峻',NULL,'','','','',1,200,'13942082038','职工',12,0,NULL),
 (15,'大连神通电气有限公司','4771fdc4-7c5f-4be5-963c-643c89a26a48','2017-12-05 10:24:43','1993-01-20 00:00:00',1,20,'210211195909150011','2016-01-20 00:00:00',NULL,2,10,'甘井子区西南路甘段45号1-2-1',NULL,NULL,NULL,'李成斌',NULL,'','','','',1,200,'13942082038','职工',12,0,NULL),
 (16,'大连神通电气有限公司','4771fdc4-7c5f-4be5-963c-643c89a26a48','2017-12-06 14:30:09','1986-09-11 00:00:00',1,20,'210203195703134016','2015-09-11 00:00:00',NULL,1,10,'大连市沙河口区南沙街111号2-2-1',NULL,NULL,NULL,'于利',NULL,'','','','',1,200,'13942082038','职工',12,0,NULL),
 (17,'大连神通电气有限公司','4771fdc4-7c5f-4be5-963c-643c89a26a48','2017-12-06 14:31:06','2001-08-30 00:00:00',1,20,'210203195703134016','2013-08-30 00:00:00',NULL,4,10,'大连市金州区渤海路233号2-2-1',NULL,NULL,NULL,'陈亮',NULL,'','','','',1,200,'13942082038','职工',12,0,NULL),
 (18,'大连盛达集装箱有限公司',NULL,'2017-12-06 07:26:05','1984-01-12 00:00:00',1,18,'210204195710213536','2026-01-12 00:00:00',NULL,1,10,'大连市沙河口区',NULL,NULL,NULL,'郑全波',NULL,NULL,NULL,NULL,NULL,1,200,'13898416073','职工',12,0,NULL),
 (19,'大连盛达集装箱有限公司',NULL,'2017-12-06 07:26:05','1993-04-06 00:00:00',1,18,'210211195811096539','2026-04-06 00:00:00',NULL,2,10,'大连市甘井子区',NULL,NULL,NULL,'阎承涛',NULL,NULL,NULL,NULL,NULL,1,200,'13019415329','职工',12,0,NULL),
 (20,'大连盛达集装箱有限公司',NULL,'2017-12-06 07:26:05','2004-01-18 00:00:00',1,18,'220324196610124314','2026-01-18 00:00:00',NULL,2,10,'吉林省双辽市永加乡',NULL,NULL,NULL,'朱瑞平',NULL,NULL,NULL,NULL,NULL,1,200,'15140631858','职工',12,0,NULL),
 (21,'大连盛达集装箱有限公司',NULL,'2017-12-06 07:26:05','1989-07-28 00:00:00',1,18,'210202196104032219','2025-07-28 00:00:00',NULL,2,10,'大连市甘井子区',NULL,NULL,NULL,'周正春',NULL,NULL,NULL,NULL,NULL,1,200,'13940844661','职工',12,0,NULL),
 (22,'大连盛达集装箱有限公司',NULL,'2017-12-06 07:26:05','1985-03-18 00:00:00',1,18,'210204196002161397','2026-03-18 00:00:00',NULL,2,10,'大连市中山区',NULL,NULL,NULL,'王玲斌',NULL,NULL,NULL,NULL,NULL,1,200,'13130041040','职工',12,0,NULL),
 (23,'大连盛达集装箱有限公司',NULL,'2017-12-06 07:26:05','1986-06-19 00:00:00',1,18,'210211196402286758','2025-06-19 00:00:00',NULL,2,10,'大连市甘井子区',NULL,NULL,NULL,'曹景春',NULL,NULL,NULL,NULL,NULL,1,200,'13942023573','职工',12,0,NULL),
 (24,'大连盛达集装箱有限公司',NULL,'2017-12-06 07:26:05','2000-06-08 00:00:00',1,18,'210213196803085618','2022-06-08 00:00:00',NULL,2,10,'大连市金州区向应镇',NULL,NULL,NULL,'张福强',NULL,NULL,NULL,NULL,NULL,1,200,'15941152238','职工',12,0,NULL),
 (25,'大连盛达集装箱有限公司',NULL,'2017-12-06 07:26:05','2001-04-13 00:00:00',1,18,'210221197201090713','2001-04-13 00:00:00',NULL,2,10,'大连市金州区',NULL,NULL,NULL,'王雄',NULL,NULL,NULL,NULL,NULL,1,200,'13942612585','职工',12,0,NULL),
 (26,'大连盛达集装箱有限公司',NULL,'2017-12-06 07:26:05','2002-05-15 00:00:00',1,18,'232623196809091656','2024-05-15 00:00:00',NULL,2,10,'黑龙江五大连池市',NULL,NULL,NULL,'张文东',NULL,NULL,NULL,NULL,NULL,2,200,'18640862830','职工',12,0,NULL),
 (27,'大连盛达集装箱有限公司',NULL,'2017-12-06 07:26:05','1991-12-05 00:00:00',1,18,'210204196402014839','2021-12-05 00:00:00',NULL,2,10,'大连市西岗区',NULL,NULL,NULL,'佘世山',NULL,NULL,NULL,NULL,NULL,2,200,'13591384437','职工',12,0,NULL),
 (28,'大连盛达集装箱有限公司',NULL,'2017-12-06 07:26:05','2001-08-07 00:00:00',1,18,'210221197408047317','2023-08-07 00:00:00',NULL,2,10,'大连市开发区',NULL,NULL,NULL,'王强',NULL,NULL,NULL,NULL,NULL,2,200,'13644254583','职工',12,0,NULL),
 (29,'大连盛达集装箱有限公司',NULL,'2017-12-06 07:26:05','1986-07-01 00:00:00',1,18,'210225196810140270','2023-07-01 00:00:00',NULL,2,10,'庄河市鞍子山乡',NULL,NULL,NULL,'陈毅光',NULL,NULL,NULL,NULL,NULL,2,200,'13591751337','职工',12,0,NULL),
 (30,'大连盛达集装箱有限公司',NULL,'2017-12-06 07:26:05','1998-06-01 00:00:00',1,18,'210221197604270559','2021-06-01 00:00:00',NULL,2,10,'开发区董家沟街道',NULL,NULL,NULL,'韩国',NULL,NULL,NULL,NULL,NULL,2,200,'13322209280','职工',12,0,NULL),
 (31,'大连盛达集装箱有限公司',NULL,'2017-12-06 07:26:05','1990-01-15 00:00:00',1,18,'210211197004246579','2021-01-15 00:00:00',NULL,2,10,'甘井子区大连湾镇',NULL,NULL,NULL,'张廷文',NULL,NULL,NULL,NULL,NULL,2,200,'13610951685','职工',12,0,NULL),
 (32,'大连盛达集装箱有限公司',NULL,'2017-12-06 07:26:05','1992-12-01 00:00:00',1,18,'210225197005150390','2022-12-01 00:00:00',NULL,2,10,'庄河市长岭镇',NULL,NULL,NULL,'高文华',NULL,NULL,NULL,NULL,NULL,2,200,'13610951685','职工',12,0,NULL),
 (33,'大连盛达集装箱有限公司',NULL,'2017-12-06 07:26:05','1985-02-05 00:00:00',1,18,'210202195906150714','2026-02-05 00:00:00',NULL,2,10,'大连市沙河口区',NULL,NULL,NULL,'吴连柱',NULL,NULL,NULL,NULL,NULL,2,200,'15040405355','职工',12,0,NULL),
 (34,'大连盛达集装箱有限公司',NULL,'2017-12-06 07:26:05','2001-10-01 00:00:00',1,18,'210221198012250516','2023-10-01 00:00:00',NULL,2,10,'大连市开发区',NULL,NULL,NULL,'郑德中',NULL,NULL,NULL,NULL,NULL,2,200,'15942630503','职工',12,0,NULL),
 (35,'大连盛达集装箱有限公司',NULL,'2017-12-06 07:26:05','2007-03-01 00:00:00',1,20,'210222196903293410','2023-03-01 00:00:00',NULL,2,10,'普兰店市皮口镇',NULL,NULL,NULL,'腾寿伟',NULL,NULL,NULL,NULL,NULL,2,200,'15542481006','职工',12,0,NULL),
 (36,'大连盛达集装箱有限公司',NULL,'2017-12-06 07:26:05','1986-07-01 00:00:00',1,20,'210222195912181790','2025-07-01 00:00:00',NULL,2,10,'普兰店丰荣街',NULL,NULL,NULL,'郑彦奎',NULL,NULL,NULL,NULL,NULL,1,200,'13050535081','职工',12,0,NULL),
 (37,'大连盛达集装箱有限公司',NULL,'2017-12-06 07:26:05','1996-06-01 00:00:00',1,20,'210221196704190615','2022-06-01 00:00:00',NULL,2,10,'大连市金州区',NULL,NULL,NULL,'王穄',NULL,NULL,NULL,NULL,NULL,2,200,'13898629229','职工',12,0,NULL),
 (38,'大连盛达集装箱有限公司',NULL,'2017-12-06 07:26:05','1999-10-21 00:00:00',1,20,'210213196903150018','2022-10-21 00:00:00',NULL,2,10,'大连市金州区',NULL,NULL,NULL,'杨殿伟',NULL,NULL,NULL,NULL,NULL,1,200,'15714033331','职工',12,0,NULL),
 (39,'大连盛达集装箱有限公司',NULL,'2017-12-06 07:26:05','1999-11-01 00:00:00',1,20,'372832196606144234','2021-11-01 00:00:00',NULL,2,10,'山东省临沂市',NULL,NULL,NULL,'潘文川',NULL,NULL,NULL,NULL,NULL,2,200,'15998586982','职工',12,0,NULL),
 (40,'大连盛达集装箱有限公司',NULL,'2017-12-06 07:26:05','1995-06-28 00:00:00',1,20,'210204196506144830','2022-06-08 00:00:00',NULL,2,10,'大连市沙河口区',NULL,NULL,NULL,'古书利',NULL,NULL,NULL,NULL,NULL,1,200,'15040405355','职工',12,0,NULL),
 (41,'大连盛达集装箱有限公司',NULL,'2017-12-06 07:26:05','1998-01-20 00:00:00',1,20,'210211196403255136','2026-01-20 00:00:00',NULL,2,10,'大连市甘井子区',NULL,NULL,NULL,'李维朋',NULL,NULL,NULL,NULL,NULL,1,200,'13591316608','职工',12,0,NULL),
 (42,'大连盛达集装箱有限公司',NULL,'2017-12-06 07:26:05','1999-12-11 00:00:00',1,20,'21020219600423071x','2020-12-11 00:00:00',NULL,2,10,'大连市中山区',NULL,NULL,NULL,'高福庆',NULL,NULL,NULL,NULL,NULL,2,200,'15040405355','职工',12,0,NULL),
 (43,'大连盛达集装箱有限公司',NULL,'2017-12-06 07:26:05','1990-03-28 00:00:00',1,20,'210204195802166773','2026-03-28 00:00:00',NULL,2,10,'大连市西岗区',NULL,NULL,NULL,'朱新国',NULL,NULL,NULL,NULL,NULL,1,200,'15040405355','职工',12,0,NULL),
 (44,'宝荣机械化工程有限公司',NULL,'2017-12-06 07:26:05','2010-07-12 00:00:00',1,21,'220422198602245919','2026-07-12 00:00:00',NULL,5,10,'辽宁省辽源市龙山区寿山镇永康村五组',NULL,NULL,NULL,'张鹤',NULL,NULL,NULL,NULL,NULL,1,200,'18900998376','职工',12,0,NULL),
 (45,'宝荣机械化工程有限公司',NULL,'2017-12-06 07:26:05','1994-03-26 00:00:00',1,21,'220324196603203117','2026-03-26 00:00:00',NULL,1,10,'大连市省大连市甘井子区大连湾街道前关村401号13',NULL,NULL,NULL,'孙玉',NULL,NULL,NULL,NULL,NULL,2,200,'18900998376','职工',12,0,NULL),
 (47,'宝荣机械化工程有限公司',NULL,'2017-12-06 07:26:05','1991-11-16 00:00:00',1,21,'210211196308256579','2024-11-16 00:00:00',NULL,2,10,'大连市甘井子区大连湾街道后关村19-1',NULL,NULL,NULL,'刘延成',NULL,NULL,NULL,NULL,NULL,2,200,'18900998376','职工',12,0,NULL),
 (48,'宝荣机械化工程有限公司',NULL,'2017-12-06 07:26:05','2002-06-01 00:00:00',1,21,'372928198311165812','2024-06-01 00:00:00',NULL,5,10,'山东省鄂城县潘东行政村潘东村028号',NULL,NULL,NULL,'张凤伟',NULL,NULL,NULL,NULL,NULL,1,200,'18900998376','职工',12,0,NULL),
 (49,'宝荣机械化工程有限公司',NULL,'2017-12-06 07:26:05','2010-05-28 00:00:00',1,21,'210211197511056517','2026-05-28 00:00:00',NULL,5,10,'甘井子区大连湾前盐村',NULL,NULL,NULL,'丁明辉',NULL,NULL,NULL,NULL,NULL,1,200,'18900998376','职工',12,0,NULL),
 (50,'宝荣机械化工程有限公司 ',NULL,'2017-12-06 07:26:05','2000-03-22 00:00:00',1,21,'220182197901253316','2022-03-22 00:00:00',NULL,2,10,'吉林省长春市榆树镇双庙村于开基屯',NULL,NULL,NULL,'李纯丰',NULL,NULL,NULL,NULL,NULL,2,200,'18900998376','职工',12,0,NULL),
 (51,'宝荣机械化工程有限公司',NULL,'2017-12-06 07:26:05','2010-01-07 00:00:00',1,21,'210726197003254915','2026-01-07 00:00:00',NULL,5,10,'锦州市黑山县段家乡哈山村258号',NULL,NULL,NULL,'宋福成',NULL,NULL,NULL,NULL,NULL,1,200,'18900998376','职工',12,0,NULL),
 (52,'宝荣机械化工程有限公司',NULL,'2017-12-06 07:26:05','2002-05-30 00:00:00',1,21,'210122198101295135','2023-05-30 00:00:00',NULL,2,10,'辽宁省辽中县于家房乡镇范家窝棚村',NULL,NULL,NULL,'田长树',NULL,NULL,NULL,NULL,NULL,2,200,'18900998376','职工',12,0,NULL),
 (53,'宝荣机械化工程有限公司',NULL,'2017-12-06 07:26:05','2009-01-20 00:00:00',1,21,'230622197309114053','2025-01-20 00:00:00',NULL,5,10,'黑龙江省大庆市肇源县福兴村',NULL,NULL,NULL,'齐彪',NULL,NULL,NULL,NULL,NULL,1,200,'18900998376','职工',12,0,NULL),
 (54,'宝荣机械化工程有限公司',NULL,'2017-12-06 07:26:05','2010-08-17 00:00:00',1,21,'210726197803254315','2026-08-17 00:00:00',NULL,2,10,'辽宁省锦州市黑山县太和镇兰和村288号',NULL,NULL,NULL,'胡永亮',NULL,NULL,NULL,NULL,NULL,2,200,'18900998376','职工',12,0,NULL),
 (55,'宝荣机械化工程有限公司',NULL,'2017-12-06 07:26:05','2012-06-14 00:00:00',1,21,'222328197612240038','2018-06-14 00:00:00',NULL,5,6,'吉林省乾安县乾安镇德建街30委',NULL,NULL,NULL,'黄雷',NULL,NULL,NULL,NULL,NULL,1,200,'18900998376','职工',12,0,NULL),
 (56,'宝荣机械化工程有限公司',NULL,'2017-12-06 07:26:05','2009-05-13 00:00:00',1,21,'152103197901037638','2025-05-13 00:00:00',NULL,5,10,'内蒙古扎兰屯市哈多河镇哈多河村二街39号',NULL,NULL,NULL,'陈金翔',NULL,NULL,NULL,NULL,NULL,2,200,'18900998376','职工',12,0,NULL),
 (57,'宝荣机械化工程有限公司',NULL,'2017-12-06 07:26:05','2010-12-09 00:00:00',1,21,'230230197905161513','2016-12-09 00:00:00',NULL,5,6,'黑龙江省齐齐哈尔市克东县宝泉镇治安村',NULL,NULL,NULL,'李先阳',NULL,NULL,NULL,NULL,NULL,1,200,'18900998376','职工',12,0,NULL),
 (58,'宝荣机械化工程有限公司',NULL,'2017-12-06 07:26:05','2010-03-19 00:00:00',1,21,'230223198712280931','2026-03-19 00:00:00',NULL,5,10,'黑龙江省依安县上游乡建华村6组',NULL,NULL,NULL,'张宝',NULL,NULL,NULL,NULL,NULL,2,200,'18900998376','职工',12,0,NULL),
 (59,'宝荣机械化工程有限公司',NULL,'2017-12-06 07:26:05','1998-05-26 00:00:00',1,21,'210211197005216531','2020-05-26 00:00:00',NULL,2,10,'大连市甘井子区大连湾街道前盐村683',NULL,NULL,NULL,'马振滨',NULL,NULL,NULL,NULL,NULL,1,200,'18900998376','职工',12,0,NULL),
 (60,'宝荣机械化工程有限公司',NULL,'2017-12-06 07:26:05','2013-05-16 00:00:00',1,21,'232622197912251011','2019-05-16 00:00:00',NULL,5,6,'黑龙江省黑河市嫩江县海河乡红星村一组',NULL,NULL,NULL,'李文举',NULL,NULL,NULL,NULL,NULL,1,200,'18900998376','职工',12,0,NULL),
 (61,'宝荣机械化工程有限公司',NULL,'2017-12-06 07:26:05','2007-09-28 00:00:00',1,21,'220524198207223670','2023-09-28 00:00:00',NULL,5,10,'吉林省柳河县圣水镇煤窑村王家街屯',NULL,NULL,NULL,'王化波',NULL,NULL,NULL,NULL,NULL,1,200,'18900998376','职工',12,0,NULL),
 (62,'宝荣机械化工程有限公司',NULL,'2017-12-06 07:26:05','1998-02-01 00:00:00',1,21,'23232119760415791X','2026-02-01 00:00:00',NULL,5,10,'黑龙江省海伦市扎音河乡',NULL,NULL,NULL,'崔连江',NULL,NULL,NULL,NULL,NULL,2,200,'18900998376','职工',12,0,NULL),
 (63,'宝荣机械化工程有限公司',NULL,'2017-12-06 07:26:05','2008-05-04 00:00:00',1,21,'211223198304144014','2024-05-04 00:00:00',NULL,5,10,'辽宁省铁岭市西丰县和隆乡阜丰村',NULL,NULL,NULL,'郭洪鑫',NULL,NULL,NULL,NULL,NULL,2,200,'18900998376','职工',12,0,NULL),
 (64,'宝荣机械化工程有限公司',NULL,'2017-12-06 07:26:05','2004-05-28 00:00:00',1,21,'210222198209046312','2020-05-26 00:00:00',NULL,2,10,'辽宁省大连市普兰店市沙包乡大盛村战屯87号',NULL,NULL,NULL,'王祖盛',NULL,NULL,NULL,NULL,NULL,2,200,'18900998376','职工',12,0,NULL),
 (65,'宝荣机械化工程有限公司',NULL,'2017-12-06 07:26:05','1996-01-30 00:00:00',1,21,'210225196211050791','2022-01-30 00:00:00',NULL,2,10,'辽宁省庄河市城山镇吉庆村吉庆永屯71',NULL,NULL,NULL,'王贵百',NULL,NULL,NULL,NULL,NULL,2,200,'18900998376','职工',12,0,NULL),
 (66,'宝荣机械化工程有限公司',NULL,'2017-12-06 07:26:05','2005-03-07 00:00:00',1,21,'37292819820614581X','2021-03-07 00:00:00',NULL,5,10,'山东省文登镇阎家泊子村167号',NULL,NULL,NULL,'吴端忠',NULL,NULL,NULL,NULL,NULL,2,200,'18900998376','职工',12,0,NULL),
 (67,'宝荣机械化工程有限公司',NULL,'2017-12-06 07:26:05','2010-01-04 00:00:00',1,21,'430524198709053690','2026-01-04 00:00:00',NULL,5,10,'湖南省邵阳市六家寨狮子',NULL,NULL,NULL,'罗德林',NULL,NULL,NULL,NULL,NULL,2,200,'18900998376','职工',12,0,NULL),
 (68,'宝荣机械化工程有限公司',NULL,'2017-12-06 07:26:05','1994-04-08 00:00:00',1,21,'210211196412136534','2020-04-08 00:00:00',NULL,2,10,'大连市甘井子区大连湾街道后盐村608号',NULL,NULL,NULL,'赵瑞平',NULL,NULL,NULL,NULL,NULL,2,200,'18900998376','职工',12,0,NULL),
 (69,'宝荣机械化工程有限公司',NULL,'2017-12-06 07:26:05','2000-07-18 00:00:00',1,21,'232700197310180014','2026-07-18 00:00:00',NULL,4,10,'辽宁省大连市庄河高屯村',NULL,NULL,NULL,'韩立江',NULL,NULL,NULL,NULL,NULL,2,200,'18900998376','职工',12,0,NULL),
 (70,'宝荣机械化工程有限公司',NULL,'2017-12-06 07:26:05','1994-03-20 00:00:00',1,21,'210726195804193711','2020-03-20 00:00:00',NULL,2,10,'辽宁省锦州市黑山县八道壕乡黄家村88号',NULL,NULL,NULL,'夏玉山',NULL,NULL,NULL,NULL,NULL,1,200,'18900998376','职工',12,0,NULL),
 (71,'宝荣机械化工程有限公司',NULL,'2017-12-06 07:26:05','1995-05-19 00:00:00',1,21,'210211196509206519','2021-05-19 00:00:00',NULL,2,10,'大连市甘井子区大连湾街道前关村3-8',NULL,NULL,NULL,'韩立秋',NULL,NULL,NULL,NULL,NULL,1,200,'18900998376','职工',12,0,NULL),
 (72,'宝荣机械化工程有限公司',NULL,'2017-12-06 07:26:05','2011-07-01 00:00:00',1,21,'210225197810180736','2027-07-01 00:00:00',NULL,5,10,'辽宁大连庄河市明阳镇大张村宋庄西屯',NULL,NULL,NULL,'宋清飞',NULL,NULL,NULL,NULL,NULL,1,200,'18900998376','职工',12,0,NULL),
 (73,'宝荣机械化工程有限公司',NULL,'2017-12-06 07:26:05','1988-04-28 00:00:00',1,21,'21021119651110655X','2025-04-28 00:00:00',NULL,2,10,'大连市甘井子区大连湾街道前关村',NULL,NULL,NULL,'张家武',NULL,NULL,NULL,NULL,NULL,1,200,'18900998376','职工',12,0,NULL),
 (74,'宝荣机械化工程有限公司',NULL,'2017-12-06 07:26:05','1995-10-20 00:00:00',1,21,'210211196606296552','2023-10-20 00:00:00',NULL,2,10,'大连市甘井子区大连湾街道氯金村',NULL,NULL,NULL,'张贵明',NULL,NULL,NULL,NULL,NULL,1,200,'18900998376','职工',12,0,NULL),
 (75,'宝荣机械化工程有限公司',NULL,'2017-12-06 07:26:05','1996-06-12 00:00:00',1,21,'150430197310283873','2023-06-20 00:00:00',NULL,2,10,'内蒙古赤峰市敖汉旗长胜镇',NULL,NULL,NULL,'李生',NULL,NULL,NULL,NULL,NULL,1,200,'18900998376','职工',12,0,NULL),
 (76,'宝荣机械化工程有限公司',NULL,'2017-12-06 07:26:05','1990-03-04 00:00:00',1,21,'210211196710026536','2021-03-04 00:00:00',NULL,2,10,'大连市甘井子区大连湾街道前关村',NULL,NULL,NULL,'刘杰',NULL,NULL,NULL,NULL,NULL,1,200,'18900998376','职工',12,0,NULL),
 (77,'宝荣机械化工程有限公司',NULL,'2017-12-06 07:26:05','1994-03-02 00:00:00',1,21,'210211196710136516','2021-03-02 00:00:00',NULL,2,10,'大连市甘井子区大连湾街道后关村',NULL,NULL,NULL,'李承有',NULL,NULL,NULL,NULL,NULL,2,200,'18900998376','职工',12,0,NULL),
 (78,'宝荣机械化工程有限公司',NULL,'2017-12-06 07:26:05','1994-05-10 00:00:00',1,21,'210211197003286536','2021-05-10 00:00:00',NULL,2,10,'大连市甘井子区大连湾街道后盐 村',NULL,NULL,NULL,'周国鑫',NULL,NULL,NULL,NULL,NULL,2,200,'18900998376','职工',12,0,NULL),
 (79,'宝荣机械化工程有限公司',NULL,'2017-12-06 07:26:05','1994-08-18 00:00:00',1,21,'210211197010306590','2020-08-18 00:00:00',NULL,2,10,'大连市甘井子区大连湾街道前盐村',NULL,NULL,NULL,'王滨',NULL,NULL,NULL,NULL,NULL,2,200,'18900998376','职工',12,0,NULL),
 (80,'宝荣机械化工程有限公司',NULL,'2017-12-06 07:26:05','2003-01-20 00:00:00',1,21,'210211195801096535','2019-01-20 00:00:00',NULL,2,10,'大连市甘井子区大连湾街道后盐',NULL,NULL,NULL,'郭永惠',NULL,NULL,NULL,NULL,NULL,2,200,'18900998376','职工',12,0,NULL),
 (81,'宝荣机械化工程有限公司',NULL,'2017-12-06 07:26:05','2000-10-24 00:00:00',1,21,'210225196610120216','2026-10-24 00:00:00',NULL,2,10,'辽宁庄河明阳德令村养文地屯',NULL,NULL,NULL,'孙桐学',NULL,NULL,NULL,NULL,NULL,1,200,'18900998376','职工',12,0,NULL),
 (82,'宝荣机械化工程有限公司',NULL,'2017-12-06 07:26:05','1994-08-24 00:00:00',1,21,'210219196910090517','2021-08-24 00:00:00',NULL,2,10,'辽宁瓦房店松树东半拉山村九家屯20号',NULL,NULL,NULL,'王治义',NULL,NULL,NULL,NULL,NULL,2,200,'18900998376','职工',12,0,NULL),
 (83,'宝荣机械化工程有限公司',NULL,'2017-12-06 07:26:05','1997-01-16 00:00:00',1,21,'232622196805070819','2025-01-16 00:00:00',NULL,2,10,'黑龙江嫩江双山镇青山村青山屯279',NULL,NULL,NULL,'静者国',NULL,NULL,NULL,NULL,NULL,1,200,'18900998376','职工',12,0,NULL),
 (84,'宝荣机械化工程有限公司',NULL,'2017-12-06 07:26:05','2003-05-26 00:00:00',1,21,'210224196505104112','2025-05-26 00:00:00',NULL,2,10,'辽宁省昌图县东嘎镇大榆树村民委九组67号',NULL,NULL,NULL,'范许夺',NULL,NULL,NULL,NULL,NULL,1,200,'18900998376','职工',12,0,NULL),
 (85,'宝荣机械化工程有限公司',NULL,'2017-12-06 07:26:05','2010-11-03 00:00:00',1,21,'210622197112094470','2020-11-03 00:00:00',NULL,2,10,'辽宁鞍山岫岩洋河镇马家堡村小王家屯组9号',NULL,NULL,NULL,'王凯',NULL,NULL,NULL,NULL,NULL,2,200,'18900998376','职工',12,0,NULL),
 (86,'宝荣机械化工程有限公司',NULL,'2017-12-06 07:26:05','2013-03-21 00:00:00',1,21,'210222197308209135','2018-03-21 00:00:00',NULL,5,6,'辽宁普兰店城子坦金山村苗屯',NULL,NULL,NULL,'宋国建',NULL,NULL,NULL,NULL,NULL,2,200,'18900998376','职工',12,0,NULL),
 (87,'宝荣机械化工程有限公司',NULL,'2017-12-06 07:26:05','1998-09-25 00:00:00',1,21,'210211197502076533','1998-09-25 00:00:00',NULL,2,10,'大连市甘井子区大连湾街道前盐村',NULL,NULL,NULL,'金德惠',NULL,NULL,NULL,NULL,NULL,2,200,'18900998376','职工',12,0,NULL),
 (88,'宝荣机械化工程有限公司',NULL,'2017-12-06 07:26:05','2001-07-11 00:00:00',1,21,'210283198202236618','2023-07-11 00:00:00',NULL,2,10,'大连庄河明阳镇大兴城村小陶屯',NULL,NULL,NULL,'郝良',NULL,NULL,NULL,NULL,NULL,1,200,'18900998376','职工',12,0,NULL),
 (89,'宝荣机械化工程有限公司',NULL,'2017-12-06 07:26:05','1994-05-07 00:00:00',1,21,'210211196903176530','2021-05-07 00:00:00',NULL,2,10,'大连市甘井子区大连湾街道前关村',NULL,NULL,NULL,'刘俊',NULL,NULL,NULL,NULL,NULL,1,200,'18900998376','职工',12,0,NULL),
 (90,'宝荣机械化工程有限公司',NULL,'2017-12-06 07:26:05','2005-07-14 00:00:00',1,21,'210726197901292710','2021-07-14 00:00:00',NULL,5,10,'辽宁锦州黑山小东镇小杜岗村100号',NULL,NULL,NULL,'唐华',NULL,NULL,NULL,NULL,NULL,1,200,'18900998376','职工',12,0,NULL),
 (91,'大连中远船务有限公司',NULL,'2017-12-06 07:26:05','1999-11-04 00:00:00',1,10,'210211197512236756','2022-11-04 00:00:00',NULL,2,10,'辽宁省大连市甘井子区大连湾新街942号1-9',NULL,NULL,NULL,'杨瑞伟',NULL,NULL,NULL,NULL,NULL,1,200,'13998618869','职工',12,0,NULL),
 (92,'大连中远船务有限公司',NULL,'2017-12-06 07:26:05','2006-04-24 00:00:00',1,10,'220524197002180035','2022-04-24 00:00:00',NULL,5,10,'辽宁省大连市经济技术开发区金源北里10号3-4-2',NULL,NULL,NULL,'孟兆军',NULL,NULL,NULL,NULL,NULL,2,200,'13998618869','职工',12,0,NULL),
 (93,'大连中远船务有限公司',NULL,'2017-12-06 07:26:05','2001-12-30 00:00:00',1,10,'210221197206230711','2023-12-30 00:00:00',NULL,2,10,'辽宁省古城大连市金州区古城丁区47号1-6-2',NULL,NULL,NULL,'吴宝昌',NULL,NULL,NULL,NULL,NULL,2,200,'13998618869','职工',12,0,NULL),
 (94,'大连中远船务有限公司',NULL,'2017-12-06 07:26:05','1987-05-09 00:00:00',1,10,'210221196410040515','2022-05-09 00:00:00',NULL,2,10,'辽宁省大连市金州区七顶山满族乡七顶山村七顶山屯453号',NULL,NULL,NULL,'刘茂珉',NULL,NULL,NULL,NULL,NULL,2,200,'13998618869','职工',12,0,NULL),
 (95,'大连中远船务有限公司',NULL,'2017-12-06 07:26:05','1995-08-11 00:00:00',1,10,'210221197004050616','2021-08-11 00:00:00',NULL,1,10,'辽宁省大连经济技术开发区五彩城1号1',NULL,NULL,NULL,'王斌',NULL,NULL,NULL,NULL,NULL,1,200,'13998618869','职工',12,0,NULL),
 (96,'大连中远船务有限公司',NULL,'2017-12-06 07:26:05','2002-12-09 00:00:00',1,10,'210211198404116778','2024-12-09 00:00:00',NULL,2,10,'辽宁省大连市甘井子区大连湾街道宋家村384号',NULL,NULL,NULL,'宋诚超',NULL,NULL,NULL,NULL,NULL,1,200,'13998618869','职工',12,0,NULL),
 (97,'大连中远船务有限公司',NULL,'2017-12-06 07:26:05','1999-04-09 00:00:00',1,10,'210213197811295214','2021-04-19 00:00:00',NULL,2,10,'辽宁省大连市金州区七顶山满族干岛子村干岛子屯198号',NULL,NULL,NULL,'刘卓',NULL,NULL,NULL,NULL,NULL,1,200,'13998618869','职工',12,0,NULL),
 (98,'大连中远船务有限公司',NULL,'2017-12-06 07:26:05','1998-01-21 00:00:00',1,10,'210225197303230073','2025-01-21 00:00:00',NULL,2,10,'辽宁省大连市甘井子区元宝山街45号2-5-3',NULL,NULL,NULL,'刘学诗',NULL,NULL,NULL,NULL,NULL,1,200,'13998618869','职工',12,0,NULL),
 (99,'大连中远船务有限公司',NULL,'2017-12-06 07:26:05','2008-09-09 00:00:00',1,10,'210211196708256519','2024-09-09 00:00:00',NULL,5,10,'辽宁甘井子区省大连市大连湾街道张耿村74号',NULL,NULL,NULL,'耿成旭',NULL,NULL,NULL,NULL,NULL,1,200,'13998618869','职工',12,0,NULL),
 (100,'大连中远船务有限公司',NULL,'2017-12-06 07:26:05','1996-08-01 00:00:00',1,10,'21020319660405009X','2022-08-01 00:00:00',NULL,2,10,'辽宁省大连市沙河口区尖山街61号4-1',NULL,NULL,NULL,'蒋斌',NULL,NULL,NULL,NULL,NULL,2,200,'13998618869','职工',12,0,NULL),
 (101,'大连中远船务有限公司',NULL,'2017-12-06 07:26:05','1995-10-26 00:00:00',1,10,'210202197012312218','2024-10-26 00:00:00',NULL,2,10,'辽宁省大连市西岗区华胜街33号',NULL,NULL,NULL,'刘健',NULL,NULL,NULL,NULL,NULL,2,200,'13998618869','职工',12,0,NULL),
 (102,'大连中远船务有限公司',NULL,'2017-12-06 07:26:05','1994-06-07 00:00:00',1,10,'210211197211110914','2021-06-07 00:00:00',NULL,2,10,'辽宁省大连市甘井子区东海路37号1-5-2',NULL,NULL,NULL,'崔龙',NULL,NULL,NULL,NULL,NULL,2,200,'13998618869','职工',12,0,NULL),
 (103,'大连中远船务有限公司',NULL,'2017-12-06 07:26:05','2005-01-12 00:00:00',1,10,'210211196608046514','2021-01-12 00:00:00',NULL,2,10,'辽宁省大连市甘井子区大连湾街道李王村48号',NULL,NULL,NULL,'耿志红',NULL,NULL,NULL,NULL,NULL,2,200,'13998618869','职工',12,0,NULL),
 (104,'大连中远船务有限公司',NULL,'2017-12-06 07:26:05','2007-01-29 00:00:00',1,10,'210221196209140696','2023-01-29 00:00:00',NULL,5,10,'辽宁省大连市金州区登沙河镇程家村李家屯62号',NULL,NULL,NULL,'宋丰彬',NULL,NULL,NULL,NULL,NULL,2,200,'13998618869','职工',12,0,NULL),
 (105,'大连中远船务有限公司',NULL,'2017-12-06 07:26:05','2003-04-14 00:00:00',1,10,'210225197706190010','2025-04-14 00:00:00',NULL,5,10,'辽宁省大连市庄河市滨河路888号',NULL,NULL,NULL,'孙传阁',NULL,NULL,NULL,NULL,NULL,1,200,'13998618869','职工',12,0,NULL),
 (106,'大连中远船务有限公司',NULL,'2017-12-06 07:26:05','1999-07-14 00:00:00',1,10,'210213197810172036','2021-07-14 00:00:00',NULL,2,10,'辽宁省大连市金州区中长街道东风村石家沟72号',NULL,NULL,NULL,'史振国',NULL,NULL,NULL,NULL,NULL,1,200,'13998618869','职工',12,0,NULL),
 (107,'大连中远船务有限公司',NULL,'2017-12-06 07:26:05','1994-04-20 00:00:00',1,10,'210225197110010250','2023-04-20 00:00:00',NULL,2,10,'辽宁省庄市黑岛镇山南头村宫东屯20号',NULL,NULL,NULL,'宮世弟',NULL,NULL,NULL,NULL,NULL,1,200,'13998618869','职工',12,0,NULL),
 (108,'大连中远船务有限公司',NULL,'2017-12-06 07:26:05','1991-10-20 00:00:00',1,10,'210211197201280418','2025-10-20 00:00:00',NULL,1,10,'辽宁省大连市甘井子区金一街1-58号2-3-2',NULL,NULL,NULL,'阎卫民',NULL,NULL,NULL,NULL,NULL,1,200,'13998618869','职工',12,0,NULL),
 (109,'大连中远船务有限公司',NULL,'2017-12-06 07:26:05','2001-05-16 00:00:00',1,10,'210222197811027857','2023-05-16 00:00:00',NULL,2,10,'辽宁省普兰店市南都新城地锦圆11号4-2-1',NULL,NULL,NULL,'车忠成',NULL,NULL,NULL,NULL,NULL,1,200,'13998618869','职工',12,0,NULL),
 (110,'大连中远船务有限公司',NULL,'2017-12-06 07:26:05','2006-09-14 00:00:00',1,10,'210221197606020596','2022-09-14 00:00:00',NULL,2,10,'辽宁省大连市金州区古城乙区50号3-5-1',NULL,NULL,NULL,'刘丰泉',NULL,NULL,NULL,NULL,NULL,1,200,'13998618869','职工',12,0,NULL),
 (111,'大连中远船务有限公司',NULL,'2017-12-06 07:26:05','1994-08-31 00:00:00',1,10,'210211196903074518','2022-08-31 00:00:00',NULL,2,10,'辽宁省大连市甘井子区营城子镇双台沟村10号',NULL,NULL,NULL,'鞠家君',NULL,NULL,NULL,NULL,NULL,1,200,'13998618869','职工',12,0,NULL),
 (112,'大连中远船务有限公司',NULL,'2017-12-06 07:26:05','1994-01-04 00:00:00',1,10,'210211197211120135','2021-01-04 00:00:00',NULL,1,10,'辽宁省大连市甘井子区大连湾街道宋家村173号',NULL,NULL,NULL,'宋继涛',NULL,NULL,NULL,NULL,NULL,2,200,'13998618869','职工',12,0,NULL),
 (113,'大连中远船务有限公司',NULL,'2017-12-06 07:26:05','2002-05-28 00:00:00',1,10,'210281197804176870','2024-05-28 00:00:00',NULL,2,10,'辽宁省大连市瓦房店市东长春路三段辛东屯园133号',NULL,NULL,NULL,'栾俏',NULL,NULL,NULL,NULL,NULL,2,200,'13998618869','职工',12,0,NULL),
 (114,'大连中远船务有限公司',NULL,'2017-12-06 07:26:05','1993-12-14 00:00:00',1,10,'210221197311030690','2020-12-22 00:00:00',NULL,2,10,'辽宁省大连市金州区先进街道八里村大陈家42号',NULL,NULL,NULL,'田原',NULL,NULL,NULL,NULL,NULL,2,200,'13998618869','职工',12,0,NULL),
 (115,'大连中远船务有限公司',NULL,'2017-12-06 07:26:05','1999-06-04 00:00:00',1,10,'210222198012245916','2021-06-04 00:00:00',NULL,2,10,'辽宁省大连市普兰店市星台镇韩屯村刘岚屯67号',NULL,NULL,NULL,'刘吉国',NULL,NULL,NULL,NULL,NULL,2,200,'13998618869','职工',12,0,NULL),
 (116,'大连中远船务有限公司',NULL,'2017-12-06 07:26:05','1991-05-09 00:00:00',1,10,'210211196809236533','2020-05-09 00:00:00',NULL,1,10,'辽宁省大连市甘井子区大连湾街道张耿村229号',NULL,NULL,NULL,'尹军',NULL,NULL,NULL,NULL,NULL,1,200,'13504081316','职工',12,0,NULL),
 (117,'大连中远船务有限公司',NULL,'2017-12-06 07:26:05','1994-06-12 00:00:00',1,10,'21022119631231077X','2022-06-12 00:00:00',NULL,2,10,'辽宁省大连市甘井子区玉丽路30号1-2-2',NULL,NULL,NULL,'刘照阳',NULL,NULL,NULL,NULL,NULL,1,200,'13500770348','职工',12,0,NULL),
 (118,'大连中远船务有限公司',NULL,'2017-12-06 07:26:05','1993-10-04 00:00:00',1,10,'21020219581017173X','2025-10-04 00:00:00',NULL,2,10,'辽宁省大连市沙河口区华北路459号2-11',NULL,NULL,NULL,'王余升',NULL,NULL,NULL,NULL,NULL,1,200,'13940973156','职工',12,0,NULL),
 (119,'大连中远船务有限公司',NULL,'2017-12-06 07:26:05','1992-10-29 00:00:00',1,10,'21021119620707141X','2024-10-29 00:00:00',NULL,1,10,'辽宁省大连市甘井子区海口路海桥园84号1-4-2',NULL,NULL,NULL,'刘民',NULL,NULL,NULL,NULL,NULL,1,200,'13840818080','职工',12,0,NULL),
 (120,'大连中远船务有限公司',NULL,'2017-12-06 07:26:05','2004-12-17 00:00:00',1,10,'210213198210305231','2020-12-17 00:00:00',NULL,1,10,'大连市金州区金润西小区B区85号3-4-1',NULL,NULL,NULL,'安保超',NULL,NULL,NULL,NULL,NULL,2,200,'13998618869','职工',12,0,NULL),
 (121,'大连中远船务有限公司',NULL,'2017-12-06 07:26:05','2008-06-11 00:00:00',1,10,'210212198805070519','2024-06-11 00:00:00',NULL,5,10,'辽宁省大连市旅顺口区惠工街49号4-1',NULL,NULL,NULL,'王红星',NULL,NULL,NULL,NULL,NULL,2,200,'13998618869','职工',12,0,NULL),
 (122,'大连中远船务有限公司',NULL,'2017-12-06 07:26:05','1990-05-18 00:00:00',1,10,'21020419600209143X','2021-05-18 00:00:00',NULL,1,10,'辽宁省大连市沙河口区锦虹北园4号3-1-2',NULL,NULL,NULL,'张连胜',NULL,NULL,NULL,NULL,NULL,2,200,'13500770404','职工',12,0,NULL),
 (123,'大连中远船务有限公司',NULL,'2017-12-06 07:26:05','1996-08-26 00:00:00',1,10,'210211197501186757','2021-08-26 00:00:00',NULL,1,10,'辽宁省辽源市甘井子区元宝山街26号3-8',NULL,NULL,NULL,'赵斌',NULL,NULL,NULL,NULL,NULL,2,200,'15241123769','职工',12,0,NULL),
 (124,'大连中远船务有限公司',NULL,'2017-12-06 07:26:05','1995-12-18 00:00:00',1,10,'210204196501184315','2020-12-18 00:00:00',NULL,1,10,'辽宁省大连市沙河口区黄河路872号3-2-3',NULL,NULL,NULL,'简毅',NULL,NULL,NULL,NULL,NULL,1,200,'13898685070','职工',12,0,NULL),
 (125,'大连中远船务有限公司',NULL,'2017-12-06 07:26:05','1989-12-02 00:00:00',1,10,'210211195802030052','2025-12-02 00:00:00',NULL,1,10,'辽宁省大连市甘井子区七迎路41号2-6-1',NULL,NULL,NULL,'程木本',NULL,NULL,NULL,NULL,NULL,1,200,'13604096896','职工',12,0,NULL),
 (126,'大连中远船务有限公司',NULL,'2017-12-06 07:26:05','1994-04-05 00:00:00',1,10,'210204197506051399','2025-04-05 00:00:00',NULL,1,10,'辽宁省大连市沙河口区莲花山路120号2-3',NULL,NULL,NULL,'王岩',NULL,NULL,NULL,NULL,NULL,2,200,'13998410103','职工',12,0,NULL),
 (127,'大连中远船务有限公司',NULL,'2017-12-06 07:26:05','1986-08-07 00:00:00',1,10,'2104021965072717','2020-08-07 00:00:00',NULL,1,10,'辽宁省抚顺市顺城区葛布北街29-4-601',NULL,NULL,NULL,'李德福',NULL,NULL,NULL,NULL,NULL,1,200,'13804959322','职工',12,0,NULL),
 (128,'大连中远船务有限公司',NULL,'2017-12-06 07:26:05','1993-06-01 00:00:00',1,10,'210204196311183055','2020-06-01 00:00:00',NULL,1,10,'辽宁省大连市沙河口区春芳街37-4-3',NULL,NULL,NULL,'安树忠',NULL,NULL,NULL,NULL,NULL,1,200,'13704261049','职工',12,0,NULL),
 (129,'大连中远船务有限公司',NULL,'2017-12-06 07:26:05','1988-05-20 00:00:00',1,10,'210211196708026537','2020-05-20 00:00:00',NULL,1,10,'大连市甘井子区大连湾街道毛莹子村258-10',NULL,NULL,NULL,'张文久',NULL,NULL,NULL,NULL,NULL,1,200,'13998631249','职工',12,0,NULL),
 (130,'大连中远船务有限公司',NULL,'2017-12-06 07:26:05','1990-04-23 00:00:00',1,10,'210211195905251456','2025-04-23 00:00:00',NULL,1,10,'大连市甘井子区新街316号',NULL,NULL,NULL,'张守庆',NULL,NULL,NULL,NULL,NULL,1,200,'13644917789','职工',12,0,NULL),
 (131,'大连中远船务有限公司',NULL,'2017-12-06 07:26:05','1998-05-01 00:00:00',1,10,'210281197911071716','2025-05-01 00:00:00',NULL,1,10,'辽宁大连经济技术开发区东居里62号6-3-2',NULL,NULL,NULL,'栾云河',NULL,NULL,NULL,NULL,NULL,2,200,'13840845874','职工',12,0,NULL),
 (132,'大连中远船务有限公司',NULL,'2017-12-06 07:26:05','1993-04-24 00:00:00',1,10,'21021119691116539','2021-04-24 00:00:00',NULL,1,10,'大连市甘井子区元宝山街46号3-4-7',NULL,NULL,NULL,'董宝民',NULL,NULL,NULL,NULL,NULL,2,200,'13998618869','职工',12,0,NULL),
 (133,'大连中远船务有限公司',NULL,'2017-12-06 07:26:05','1986-12-15 00:00:00',1,10,'21211196103250413','2025-12-15 00:00:00',NULL,1,10,'大连市甘井子区金二街22号1-2-8',NULL,NULL,NULL,'包树元',NULL,NULL,NULL,NULL,NULL,2,200,'13500716987','职工',12,0,NULL),
 (134,'大连中远船务有限公司',NULL,'2017-12-06 07:26:05','1988-07-01 00:00:00',1,10,'210202195803146413','2018-07-01 00:00:00',NULL,1,10,'大连市甘井子区玉谭街7号1-2-2',NULL,NULL,NULL,'姜天俊',NULL,NULL,NULL,NULL,NULL,2,200,'13998577622','职工',12,0,NULL),
 (135,'大连中远船务有限公司',NULL,'2017-12-06 07:26:05','1994-07-09 00:00:00',1,10,'210211197011046516','2021-07-09 00:00:00',NULL,1,10,'大连市甘井子区元宝山街51号4-6',NULL,NULL,NULL,'王辉',NULL,NULL,NULL,NULL,NULL,2,200,'13500789995','职工',12,0,NULL),
 (136,'大连中远船务有限公司',NULL,'2017-12-06 07:26:05','1991-02-11 00:00:00',1,10,'210221196207290615','2022-02-11 00:00:00',NULL,1,10,'大连市经济技术开发区红梅小区32号3-6-1',NULL,NULL,NULL,'魏广福',NULL,NULL,NULL,NULL,NULL,1,200,'13942024629','职工',12,0,NULL),
 (137,'大连中远船务有限公司',NULL,'2017-12-06 07:26:05','1992-09-11 00:00:00',1,10,'210204196302112212','2019-09-11 00:00:00',NULL,1,10,'大连市沙河口区兴工街38号5-1',NULL,NULL,NULL,'贾立成',NULL,NULL,NULL,NULL,NULL,1,200,'13998618869','职工',12,0,NULL),
 (138,'大连中远船务有限公司',NULL,'2017-12-06 07:26:05','1997-11-01 00:00:00',1,10,'220621197703272019','2020-11-01 00:00:00',NULL,6,10,'大连市沙河口区大庆街80-4-3',NULL,NULL,NULL,'陈波',NULL,NULL,NULL,NULL,NULL,1,200,'13998618869','职工',12,0,NULL),
 (139,'大连中远船务有限公司',NULL,'2017-12-06 07:26:05','2014-01-24 00:00:00',1,10,'210282199408134332','2020-01-24 00:00:00',NULL,6,10,'辽宁省庄河市城子坦镇碧流河村姜屯39号',NULL,NULL,NULL,'姜忠耀',NULL,NULL,NULL,NULL,NULL,1,200,'13998618869','职工',12,0,NULL),
 (141,'大连中远船务有限公司',NULL,'2017-12-06 07:26:05','1992-12-20 00:00:00',1,10,'210203196301163011','2025-12-20 00:00:00',NULL,2,10,'大连市西岗区长江路612号27-6',NULL,NULL,NULL,'林国胜',NULL,NULL,NULL,NULL,NULL,1,200,'13998618869','职工',12,0,NULL),
 (142,'大连中远船务有限公司',NULL,'2017-12-06 07:26:05','1995-09-26 00:00:00',1,10,'210202195711273730','2024-09-26 00:00:00',NULL,6,10,'大连市中山区玉光街24号4-3',NULL,NULL,NULL,'刘新桥',NULL,NULL,NULL,NULL,NULL,1,200,'13998618869','职工',12,0,NULL),
 (143,'大连中远船务有限公司',NULL,'2017-12-06 07:26:05','1994-04-05 00:00:00',1,10,'21020419680229303X','2021-04-05 00:00:00',NULL,1,10,'大连市沙河口区凌山五街12号5-4',NULL,NULL,NULL,'朱建波',NULL,NULL,NULL,NULL,NULL,1,200,'13998618869','职工',12,0,NULL),
 (144,'大连中远船务有限公司',NULL,'2017-12-06 07:26:05','1994-12-16 00:00:00',1,10,'210211196601156016','2020-12-16 00:00:00',NULL,2,10,'大连市西岗区山庄街34号2-1',NULL,NULL,NULL,'岳峰',NULL,NULL,NULL,NULL,NULL,1,200,'13841149983','职工',12,0,NULL),
 (145,'大连中远船务有限公司',NULL,'2017-12-06 07:26:05','1989-04-30 00:00:00',1,10,'210202196804216414','2026-04-30 00:00:00',NULL,2,10,'大连市中山区景山街43号2-5-1',NULL,NULL,NULL,'李海涛',NULL,NULL,NULL,NULL,NULL,2,200,'13998618869','职工',12,0,NULL),
 (146,'大连中远船务有限公司',NULL,'2017-12-06 07:26:05','1991-02-11 00:00:00',1,10,'210211196706213152','2024-02-11 00:00:00',NULL,1,10,'大连市甘井子区周山街8号2-5-1',NULL,NULL,NULL,'沈新',NULL,NULL,NULL,NULL,NULL,2,200,'13998410373','职工',12,0,NULL),
 (147,'大连中远船务有限公司',NULL,'2017-12-06 07:26:05','1997-12-08 00:00:00',1,10,'210219197709225736','2025-12-08 00:00:00',NULL,1,10,'大连市金州区金洋小区8号3-1-1',NULL,NULL,NULL,'薛东',NULL,NULL,NULL,NULL,NULL,2,200,'13998618869','职工',12,0,NULL),
 (148,'大连中远船务有限公司',NULL,'2017-12-06 07:26:05','1995-01-13 00:00:00',1,10,'21020319760323051X','2022-01-13 00:00:00',NULL,2,10,'大连市西岗区香一街23号2-2',NULL,NULL,NULL,'纪仁闯',NULL,NULL,NULL,NULL,NULL,2,200,'13998618869','职工',12,0,NULL),
 (149,'大连中远船务有限公司',NULL,'2017-12-06 07:26:05','1986-03-15 00:00:00',1,10,'210203195609063514','2026-03-15 00:00:00',NULL,2,10,'大连市甘井子区化昌街6号2-5-3',NULL,NULL,NULL,'谢滨',NULL,NULL,NULL,NULL,NULL,1,200,'13998618869','职工',12,0,NULL),
 (150,'大连中远船务有限公司',NULL,'2017-12-06 07:26:05','1995-01-13 00:00:00',1,10,'210211196003292931','2020-01-13 00:00:00',NULL,2,10,'大连市甘井子区玉池街17号1-5-1',NULL,NULL,NULL,'王振江',NULL,NULL,NULL,NULL,NULL,1,200,'13998618869','职工',12,0,NULL),
 (151,'大连中远船务有限公司',NULL,'2017-12-06 07:26:05','1995-09-10 00:00:00',1,10,'210204197809115791','2025-09-10 00:00:00',NULL,2,10,'大连市沙河口区星海三街25-1-2',NULL,NULL,NULL,'王新',NULL,NULL,NULL,NULL,NULL,1,200,'13998618869','职工',12,0,NULL),
 (152,'大连中远船务有限公司',NULL,'2017-12-06 07:26:05','1997-01-17 00:00:00',1,10,'210211197706267411','2025-01-17 00:00:00',NULL,1,10,'大连市甘井子区千山路51号3-2-1',NULL,NULL,NULL,'赵云刚',NULL,NULL,NULL,NULL,NULL,1,200,'13998618869','职工',12,0,NULL),
 (153,'大连东昀商贸有限公司',NULL,'2017-12-06 07:26:05','2010-04-28 00:00:00',1,42,'230229196912161514','2026-04-28 00:00:00',NULL,7,10,'辽宁省大连市甘井子区大连湾街道大房身村',NULL,NULL,NULL,'郝凤军',NULL,NULL,NULL,NULL,NULL,1,200,'15040610650','职工',12,0,NULL),
 (154,'辽宁省大连市甘井子区大连湾北街203号12',NULL,'2017-12-06 07:26:05','1988-06-23 00:00:00',1,42,'210211196510136511','2025-06-23 00:00:00',NULL,6,10,'辽宁省大连市甘井子区大连湾北街203号12',NULL,NULL,NULL,'夏仕杰',NULL,NULL,NULL,NULL,NULL,1,200,'13841134866','职工',12,0,NULL),
 (155,'辽宁省大连市甘井子区大连湾街道大房身村',NULL,'2017-12-06 07:26:05','1983-08-27 00:00:00',1,42,'210225198308270319','2025-04-13 00:00:00',NULL,5,10,'辽宁省庄河市新华街道徐岭村徐岭屯211号',NULL,NULL,NULL,'宋国庆',NULL,NULL,NULL,NULL,NULL,1,200,'13478704437','雇佣',12,0,NULL),
 (156,'辽宁省北镇市中安镇中北村431号',NULL,'2017-12-06 07:26:05','2015-04-18 00:00:00',1,42,'210782196212241017','2025-04-18 00:00:00',NULL,2,10,'辽宁省大连市甘井子区大连湾街道大房身村',NULL,NULL,NULL,'张学儒',NULL,NULL,NULL,NULL,NULL,1,200,'13909843273','雇佣',12,0,NULL),
 (157,'辽宁省大连市甘井子区大连湾北街248号19',NULL,'2017-12-06 07:26:05','2009-08-13 00:00:00',1,42,'210211197911206554','2019-08-13 00:00:00',NULL,1,10,'辽宁省大连市甘井子区大连湾北街248号19',NULL,NULL,NULL,'李治良',NULL,NULL,NULL,NULL,NULL,1,200,'13500787079','雇佣',12,0,NULL),
 (158,'辽宁省大连市甘井子区大连湾街道大房身村',NULL,'2017-12-06 07:26:05','2003-07-10 00:00:00',1,42,'152122197007011811','2025-07-10 00:00:00',NULL,2,10,'辽宁省大连市甘井子区大连湾街道大房身村',NULL,NULL,NULL,'姜培生',NULL,NULL,NULL,NULL,NULL,1,200,'13841139211','职工',12,0,NULL),
 (159,'大连新中海产食品有限公司',NULL,'2017-12-06 07:26:05','1992-09-08 00:00:00',1,42,'210202197202030115','2020-09-08 00:00:00',NULL,1,10,'大连市中山区丹东街52号1-5-2',NULL,NULL,NULL,'张毅',NULL,NULL,NULL,NULL,NULL,1,200,'17733333340','雇佣',12,0,NULL),
 (160,'大连神通电气有限公司',NULL,'2017-12-06 07:26:05','1993-11-12 00:00:00',1,17,'210204196503206776','2020-11-12 00:00:00',NULL,2,10,'大连市西岗区永善巷20号5-4',NULL,NULL,NULL,'曲静',NULL,NULL,NULL,NULL,NULL,1,200,'13942082038','职工',12,0,NULL),
 (161,'大连神通电气有限公司',NULL,'2017-12-06 07:26:05','2005-07-04 00:00:00',1,17,'21020419570724303X','2017-07-04 00:00:00',NULL,6,6,'大连市沙河口区凌云街198号2-8',NULL,NULL,NULL,'林良',NULL,NULL,NULL,NULL,NULL,1,200,'13942082038','职工',12,0,NULL),
 (162,'大连神通电气有限公司',NULL,'2017-12-06 07:26:05','1994-03-11 00:00:00',1,17,'21020419600908139X','2026-03-11 00:00:00',NULL,2,10,'大连市沙河口区锦虹北园2号2-5-2',NULL,NULL,NULL,'王传祥',NULL,NULL,NULL,NULL,NULL,1,200,'13942082038','职工',12,0,NULL),
 (163,'大连盛港集装箱有限公司',NULL,'2017-12-06 07:26:05','1987-12-01 00:00:00',1,18,'210211196903184514','2025-12-01 00:00:00',NULL,2,10,'大连市甘井子区',NULL,NULL,NULL,'王先滨',NULL,NULL,NULL,NULL,NULL,1,200,'15040405355','职工',12,0,NULL),
 (164,'大连盛港集装箱有限公司',NULL,'2017-12-06 07:26:05','1987-07-02 00:00:00',1,18,'210211196405095113','2025-07-20 00:00:00',NULL,2,10,'大连市甘井子区',NULL,NULL,NULL,'逄忠利',NULL,NULL,NULL,NULL,NULL,1,200,'15040405355','职工',12,0,NULL),
 (165,'大连盛港集装箱有限公司',NULL,'2017-12-06 07:26:05','1984-02-08 00:00:00',1,18,'210204196008093559','2026-02-08 00:00:00',NULL,1,10,'大连市沙河口区',NULL,NULL,NULL,'刘振平',NULL,NULL,NULL,NULL,NULL,1,200,'15040405355','职工',12,0,NULL),
 (166,'大连盛港集装箱有限公司',NULL,'2017-12-06 07:26:05','1990-02-23 00:00:00',1,18,'210211196107146517','2021-02-02 00:00:00',NULL,2,10,'大连市甘井子区',NULL,NULL,NULL,'刘道满',NULL,NULL,NULL,NULL,NULL,1,200,'15040405355','职工',12,0,NULL),
 (167,'大连盛达集装箱有限公司',NULL,'2017-12-06 07:26:05','1993-07-27 00:00:00',1,18,'210211197301220172','2019-07-27 00:00:00',NULL,2,10,'大连市甘井子区',NULL,NULL,NULL,'战毓全',NULL,NULL,NULL,NULL,NULL,1,200,'15040405355','职工',12,0,NULL),
 (168,'大连盛达集装箱有限公司',NULL,'2017-12-06 07:26:05','1990-02-13 00:00:00',1,18,'21021119641006651X','2021-02-13 00:00:00',NULL,2,10,'大连市甘井子区',NULL,NULL,NULL,'宫希武',NULL,NULL,NULL,NULL,NULL,1,200,'13840867896','职工',12,0,NULL);
 
 
INSERT INTO `Vehicles` (Id,Agent,Brand,Color,Comment,CreateBy,CreationDate,DriverId,DriverName,DriverTel,DumpDate,FirstRegisterDate,GpsEnabled,GroupId,InsuranceExpiredDate,LastRegisterDate,LicenceNumber,Metadata,ModificationDate,ModifyBy,Name,PhotoAudit,PhotoFront,PhotoGps,PhotoInsuarance,PhotoLicense,PhotoRear,ProductionDate,RealOwner,Status,TownId,Type,Usage,VehicleStatus,VersionNumber,YearlyAuditDate) VALUES (1,NULL,NULL,NULL,NULL,NULL,NULL,NULL,NULL,NULL,NULL,NULL,0,1,NULL,NULL,'辽BB1123',NULL,'2018-01-19 14:10:09.8317123','b0b8264c-f6a2-494e-9380-bdd5ab9b0809',NULL,NULL,NULL,NULL,NULL,NULL,NULL,NULL,NULL,200,1,1,0,NULL,1,'2017-12-18 00:00:00'),
 (2,NULL,'本田','红',NULL,NULL,NULL,2,NULL,NULL,NULL,NULL,NULL,1,NULL,'2016-01-01 00:00:00','辽BB1X23',NULL,NULL,NULL,'高级C4',NULL,NULL,NULL,NULL,NULL,NULL,'2001-01-01 00:00:00',NULL,0,1,2,0,NULL,0,NULL),
 (3,NULL,'本田','黄',NULL,NULL,NULL,3,NULL,NULL,NULL,NULL,NULL,1,NULL,'2017-01-01 00:00:00','辽BB2T23',NULL,NULL,NULL,'不知C4',NULL,NULL,NULL,NULL,NULL,NULL,'2001-01-01 00:00:00',NULL,0,1,256,0,NULL,0,NULL),
 (4,NULL,'本田','蓝',NULL,NULL,NULL,4,NULL,NULL,NULL,NULL,NULL,1,NULL,'2017-01-01 00:00:00','辽BB8763',NULL,NULL,NULL,'不知C4',NULL,NULL,NULL,NULL,NULL,NULL,'2001-01-01 00:00:00',NULL,0,1,2,0,NULL,0,NULL),
 (5,NULL,'现代','绿',NULL,NULL,NULL,5,NULL,NULL,NULL,NULL,NULL,1,NULL,'2016-01-01 00:00:00','辽BBAF23',NULL,NULL,NULL,'不知C4',NULL,NULL,NULL,NULL,NULL,NULL,'2001-01-01 00:00:00',NULL,0,1,16,0,NULL,0,NULL),
 (6,NULL,'五菱','黑',NULL,NULL,NULL,1,NULL,NULL,NULL,NULL,NULL,1,NULL,'2017-01-01 00:00:00','辽BB1444',NULL,NULL,NULL,'火舞C4',NULL,NULL,NULL,NULL,NULL,NULL,'2001-01-01 00:00:00',NULL,0,1,32,0,NULL,0,NULL),
 (7,NULL,'本田','黑',NULL,NULL,NULL,2,NULL,NULL,NULL,NULL,NULL,1,NULL,'2016-01-01 00:00:00','辽BB17U3',NULL,NULL,NULL,'不知C4',NULL,NULL,NULL,NULL,NULL,NULL,'2001-01-01 00:00:00',NULL,0,1,512,0,NULL,0,NULL),
 (8,NULL,'本田','黑',NULL,NULL,NULL,3,NULL,NULL,NULL,NULL,NULL,1,NULL,'2014-01-01 00:00:00','辽BB1M88',NULL,NULL,NULL,'不知C4',NULL,NULL,NULL,NULL,NULL,NULL,'2001-01-01 00:00:00',NULL,0,1,4,0,NULL,0,NULL),
 (9,NULL,'本田','黑',NULL,NULL,NULL,4,NULL,NULL,NULL,NULL,NULL,1,NULL,'2017-01-01 00:00:00','辽BB1T99',NULL,NULL,NULL,'火舞C4',NULL,NULL,NULL,NULL,NULL,NULL,'2001-01-01 00:00:00',NULL,0,1,2,0,NULL,0,NULL),
 (10,NULL,'本田','黑',NULL,NULL,NULL,5,NULL,NULL,NULL,NULL,NULL,1,NULL,'2016-01-01 00:00:00','辽BB1225',NULL,NULL,NULL,'高级C4',NULL,NULL,NULL,NULL,NULL,NULL,'2001-01-01 00:00:00',NULL,0,1,1,0,NULL,0,NULL),
 (11,NULL,'五菱','蓝',NULL,NULL,NULL,1,NULL,NULL,NULL,NULL,NULL,1,NULL,'2017-02-01 00:00:00','辽BB22B4',NULL,NULL,NULL,'火舞C4',NULL,NULL,NULL,NULL,NULL,NULL,'2001-01-01 00:00:00',NULL,0,1,32,0,NULL,0,NULL),
 (12,NULL,'五菱','蓝',NULL,NULL,NULL,1,NULL,NULL,NULL,NULL,NULL,2,NULL,'2017-03-01 00:00:00','辽BB33N4',NULL,NULL,NULL,'不知C4',NULL,NULL,NULL,NULL,NULL,NULL,'2001-01-01 00:00:00',NULL,0,1,4,0,NULL,0,NULL),
 (13,NULL,'五菱','蓝',NULL,NULL,NULL,1,NULL,NULL,NULL,NULL,NULL,2,NULL,'2015-04-01 00:00:00','辽BB4T44',NULL,NULL,NULL,'火舞C4',NULL,NULL,NULL,NULL,NULL,NULL,'2001-01-01 00:00:00',NULL,0,1,16,0,NULL,0,NULL),
 (14,NULL,'五菱','黑',NULL,NULL,NULL,1,NULL,NULL,NULL,NULL,NULL,2,NULL,'2016-05-01 00:00:00','辽BB5G44',NULL,NULL,NULL,'不知C4',NULL,NULL,NULL,NULL,NULL,NULL,'2001-01-01 00:00:00',NULL,0,1,32,0,NULL,0,NULL),
 (15,NULL,'五菱','黑',NULL,NULL,NULL,1,NULL,NULL,NULL,NULL,NULL,2,NULL,'2017-06-01 00:00:00','辽BB1A44',NULL,NULL,NULL,'不知C4',NULL,NULL,NULL,NULL,NULL,NULL,'2001-01-01 00:00:00',NULL,0,1,16,0,NULL,0,NULL),
 (16,NULL,'江淮','蓝',NULL,'4771fdc4-7c5f-4be5-963c-643c89a26a48','2017-12-05 00:43:30.7607232',15,NULL,NULL,'2030-05-14 00:00:00',NULL,0,20,'2017-05-05 00:00:00','2017-05-14 00:00:00','辽BL2243',NULL,'2017-12-06 10:23:06.0417752','4771fdc4-7c5f-4be5-963c-643c89a26a48',NULL,'','',NULL,'',NULL,'','2015-04-17 00:00:00',NULL,200,12,256,0,NULL,5,'2017-05-31 00:00:00'),
 (17,NULL,'金杯','白',NULL,'4771fdc4-7c5f-4be5-963c-643c89a26a48','2017-12-05 00:52:34.8732513',14,NULL,NULL,'2034-12-02 00:00:00',NULL,0,20,'2015-11-25 00:00:00','2014-12-02 00:00:00','辽BL0173',NULL,'2017-12-06 10:24:46.7217251','4771fdc4-7c5f-4be5-963c-643c89a26a48',NULL,'','',NULL,'',NULL,'','2014-04-30 00:00:00',NULL,200,12,0,0,NULL,1,'2016-12-31 00:00:00'),
 (18,NULL,'大迪','绿',NULL,'4771fdc4-7c5f-4be5-963c-643c89a26a48','2017-12-05 00:55:20.1239171',NULL,NULL,NULL,'2022-03-19 00:00:00',NULL,NULL,20,'2017-03-19 00:00:00','2007-03-19 00:00:00','辽BEV198',NULL,NULL,NULL,NULL,'','',NULL,'',NULL,'','2007-02-15 00:00:00',NULL,200,12,0,131072,NULL,0,'2017-03-31 00:00:00'),
 (19,NULL,'江淮','白',NULL,'4771fdc4-7c5f-4be5-963c-643c89a26a48','2017-12-05 00:57:29.4986817',NULL,NULL,NULL,'2030-05-13 00:00:00',NULL,NULL,20,'2017-05-05 00:00:00','2015-05-13 00:00:00','辽BC2V36',NULL,NULL,NULL,NULL,'','',NULL,'',NULL,'','2014-11-13 00:00:00',NULL,200,12,0,0,NULL,0,'2017-05-31 00:00:00'),
 (20,NULL,'解放','蓝',NULL,'4771fdc4-7c5f-4be5-963c-643c89a26a48','2017-12-05 00:59:42.7531256',NULL,NULL,NULL,'2027-05-22 00:00:00',NULL,NULL,20,'2017-05-21 00:00:00','2007-05-22 00:00:00','辽BA1980',NULL,NULL,NULL,NULL,'','',NULL,'',NULL,'','2007-03-01 00:00:00',NULL,200,12,0,0,NULL,0,'2017-05-31 00:00:00'),
 (21,NULL,'江铃','白',NULL,'4771fdc4-7c5f-4be5-963c-643c89a26a48','2017-12-05 01:00:28.6576621',NULL,NULL,NULL,'2026-05-06 00:00:00',NULL,NULL,20,'2017-05-06 00:00:00','2017-05-06 00:00:00','辽B8688C',NULL,NULL,NULL,NULL,'','',NULL,'',NULL,'','2011-03-30 00:00:00',NULL,200,12,0,131072,NULL,0,'2017-05-31 00:00:00'),
 (22,NULL,'金杯','灰',NULL,'4771fdc4-7c5f-4be5-963c-643c89a26a48','2017-12-05 01:01:16.2225436',NULL,NULL,NULL,'2031-12-27 00:00:00',NULL,NULL,20,'2016-12-08 00:00:00','2011-12-27 00:00:00','辽B6800D',NULL,NULL,NULL,NULL,'','',NULL,'',NULL,'','2011-12-17 00:00:00',NULL,200,12,0,0,NULL,0,'2016-12-31 00:00:00'),
 (23,NULL,'江铃','绿',NULL,'4771fdc4-7c5f-4be5-963c-643c89a26a48','2017-12-05 01:01:59.2104485',NULL,NULL,NULL,'2026-12-29 00:00:00',NULL,NULL,20,'2016-12-31 00:00:00','2011-12-29 00:00:00','辽B51K35',NULL,NULL,NULL,NULL,'','',NULL,'',NULL,'','2011-10-22 00:00:00',NULL,200,12,0,131072,NULL,0,'2016-12-31 00:00:00'),
 (24,NULL,'东南','灰',NULL,'4771fdc4-7c5f-4be5-963c-643c89a26a48','2017-12-05 01:02:42.8129545',NULL,NULL,NULL,'2027-05-24 00:00:00',NULL,NULL,20,'2016-05-22 00:00:00','2007-05-24 00:00:00','辽BC5607',NULL,NULL,NULL,'中型普通客车','','',NULL,'',NULL,'','2007-03-24 00:00:00',NULL,200,12,0,0,NULL,0,'2017-05-31 00:00:00'),
 (25,NULL,'陆平机器','蓝灰','3g','4771fdc4-7c5f-4be5-963c-643c89a26a48','2017-12-05 01:04:21.7297498',NULL,NULL,NULL,'2020-12-20 00:00:00',NULL,NULL,22,'2015-12-10 00:00:00','2010-12-20 00:00:00','辽B9800A',NULL,'2017-12-05 01:24:14.0556143','4771fdc4-7c5f-4be5-963c-643c89a26a48',NULL,'','',NULL,'',NULL,'','2010-11-09 00:00:00',NULL,200,12,4,262144,NULL,2,'2016-12-31 00:00:00'),
 (27,NULL,'陆平机器','白灰','3g','4771fdc4-7c5f-4be5-963c-643c89a26a48','2017-12-05 01:06:24.5632953',NULL,NULL,NULL,'2021-10-25 00:00:00',NULL,NULL,22,'2015-10-19 00:00:00','2011-10-25 00:00:00','辽BJ5597',NULL,NULL,NULL,NULL,'','',NULL,'',NULL,'','2011-10-17 00:00:00',NULL,200,12,4,262144,NULL,0,'2016-10-31 00:00:00'),
 (29,NULL,'陆平机器','白','3g','4771fdc4-7c5f-4be5-963c-643c89a26a48','2017-12-05 01:11:55.1839666',NULL,NULL,NULL,'2026-04-14 00:00:00',NULL,NULL,22,'2016-04-11 00:00:00','2011-04-14 00:00:00','辽BJ2072',NULL,NULL,NULL,NULL,'','',NULL,'',NULL,'','2011-04-06 00:00:00',NULL,200,12,4,262144,NULL,0,'2017-04-30 00:00:00'),
 (30,NULL,'陆平机器','白','3g','4771fdc4-7c5f-4be5-963c-643c89a26a48','2017-12-05 01:12:47.1311551',NULL,NULL,NULL,'2026-04-14 00:00:00',NULL,NULL,22,'2016-04-11 00:00:00','2011-04-11 00:00:00','辽BJ2071',NULL,NULL,NULL,NULL,'','',NULL,'',NULL,'','2011-04-06 00:00:00',NULL,200,12,4,262144,NULL,0,'2017-12-30 00:00:00'),
 (31,NULL,'陆平机器','蓝灰','3g','4771fdc4-7c5f-4be5-963c-643c89a26a48','2017-12-05 01:22:14.9778655',NULL,NULL,NULL,'2020-12-20 00:00:00',NULL,NULL,22,'2015-12-10 00:00:00','2010-12-20 00:00:00','辽B9802A',NULL,NULL,NULL,NULL,'','',NULL,'',NULL,'','2010-11-09 00:00:00',NULL,200,12,4,262144,NULL,0,'2016-12-30 00:00:00'),
 (32,NULL,'陆平机器','蓝灰','3g','4771fdc4-7c5f-4be5-963c-643c89a26a48','2017-12-05 01:22:57.2681428',NULL,NULL,NULL,'2020-12-20 00:00:00',NULL,NULL,22,'2015-12-10 00:00:00','2010-12-20 00:00:00','辽B9801A',NULL,NULL,NULL,NULL,'','',NULL,'',NULL,'','2010-11-09 00:00:00',NULL,200,12,4,262144,NULL,0,'2016-12-31 00:00:00'),
 (33,NULL,'陆平机器','白灰','3g','4771fdc4-7c5f-4be5-963c-643c89a26a48','2017-12-05 01:23:49.1270142',NULL,NULL,NULL,'2022-07-13 00:00:00',NULL,NULL,22,'2016-07-14 00:00:00','2012-07-13 00:00:00','辽BJ9250',NULL,NULL,NULL,NULL,'','',NULL,'',NULL,'','2012-06-14 00:00:00',NULL,200,12,4,262144,NULL,0,'2017-07-31 00:00:00'),
 (34,NULL,NULL,'白','3g','4771fdc4-7c5f-4be5-963c-643c89a26a48','2017-12-05 01:34:48.1979044',NULL,NULL,NULL,NULL,NULL,NULL,21,NULL,NULL,'辽BJ7801',NULL,NULL,NULL,NULL,'','',NULL,'',NULL,'',NULL,NULL,200,12,2,131072,NULL,0,NULL),
 (35,NULL,'解放','白','有',NULL,'2017-12-06 08:12:13',NULL,NULL,'87598828','2013-01-01','2013-01-01',NULL,21,'2017-01-01',NULL,'辽B K1277',NULL,NULL,NULL,NULL,NULL,NULL,NULL,NULL,NULL,NULL,'2013-01-01',NULL,200,12,2,131072,NULL,0,'2017-01-01'),
 (36,NULL,'解放','白','有',NULL,'2017-12-06 08:12:13',NULL,NULL,'87598828','2028-01-01','2013-01-01',NULL,21,'2017-01-01',NULL,'辽B K1269',NULL,NULL,NULL,NULL,NULL,NULL,NULL,NULL,NULL,NULL,'2013-01-01',NULL,200,12,2,131072,NULL,0,'2017-01-01'),
 (37,NULL,'解放','白','有',NULL,'2017-12-06 08:12:13',NULL,NULL,'87598828','2028-02-01','2013-02-01',NULL,21,'2017-02-01',NULL,'辽B K1970',NULL,NULL,NULL,NULL,NULL,NULL,NULL,NULL,NULL,NULL,'2013-02-01',NULL,200,12,2,131072,NULL,0,'2017-02-01'),
 (38,NULL,'解放','白','有',NULL,'2017-12-06 08:12:13',NULL,NULL,'87598828','2028-02-01','2013-02-01',NULL,21,'2017-02-01',NULL,'辽B K1952',NULL,NULL,NULL,NULL,NULL,NULL,NULL,NULL,NULL,NULL,'2013-02-01',NULL,200,12,2,131072,NULL,0,'2017-02-01'),
 (39,NULL,'解放','白','有',NULL,'2017-12-06 08:12:13',NULL,NULL,'87598828','2028-02-01','2013-02-01',NULL,21,'2017-02-01',NULL,'辽BK1968',NULL,NULL,NULL,NULL,NULL,NULL,NULL,NULL,NULL,NULL,'2013-02-01',NULL,200,12,2,131072,NULL,0,'2017-02-01'),
 (40,NULL,'解放','白','有',NULL,'2017-12-06 08:12:13',NULL,NULL,'87598828','2028-02-01','2013-02-01',NULL,21,'2017-02-01',NULL,'辽B K1966',NULL,NULL,NULL,NULL,NULL,NULL,NULL,NULL,NULL,NULL,'2013-02-01',NULL,200,12,2,131072,NULL,0,'2017-02-01'),
 (41,NULL,'解放','白','有',NULL,'2017-12-06 08:12:13',NULL,NULL,'87598828','2028-02-01','2013-02-01',NULL,21,'2017-02-01',NULL,'辽BK1873',NULL,NULL,NULL,NULL,NULL,NULL,NULL,NULL,NULL,NULL,'2013-02-01',NULL,200,12,2,131072,NULL,0,'2017-02-01'),
 (42,NULL,'解放','白','有',NULL,'2017-12-06 08:12:13',NULL,NULL,'87598828','2030-05-01','2015-05-01',NULL,21,'2017-05-01',NULL,'辽B L2453',NULL,NULL,NULL,NULL,NULL,NULL,NULL,NULL,NULL,NULL,'2015-05-01',NULL,200,12,2,131072,NULL,0,'2017-05-01'),
 (43,NULL,'解放','白','有',NULL,'2017-12-06 08:12:13',NULL,NULL,'87598828','2030-05-01','2015-05-01',NULL,21,'2017-05-01',NULL,'辽BL2456',NULL,NULL,NULL,NULL,NULL,NULL,NULL,NULL,NULL,NULL,'2015-05-01',NULL,200,12,2,131072,NULL,0,'2017-05-01'),
 (44,NULL,'解放','白','有',NULL,'2017-12-06 08:12:13',NULL,NULL,'87598828','2030-05-01','2015-05-01',NULL,21,'2017-05-01',NULL,'辽BL2458',NULL,NULL,NULL,NULL,NULL,NULL,NULL,NULL,NULL,NULL,'2015-05-01',NULL,200,12,2,131072,NULL,0,'2017-05-01'),
 (45,NULL,'解放','白','有',NULL,'2017-12-06 08:12:13',NULL,NULL,'87598828','2030-05-01','2015-05-01',NULL,21,'2017-05-05',NULL,'辽BL2459',NULL,NULL,NULL,NULL,NULL,NULL,NULL,NULL,NULL,NULL,'2015-05-01',NULL,200,12,2,131072,NULL,0,'2017-05-31'),
 (46,NULL,'解放','白','有',NULL,'2017-12-06 08:12:13',NULL,NULL,'87598828','2028-03-01','2013-03-01',NULL,21,'2017-03-01',NULL,'辽BK2201',NULL,NULL,NULL,NULL,NULL,NULL,NULL,NULL,NULL,NULL,'2013-03-01',NULL,200,12,2,131072,NULL,0,'2017-03-01'),
 (47,NULL,'解放','白','有',NULL,'2017-12-06 08:12:13',NULL,NULL,'87598828','2028-03-01','2013-03-01',NULL,21,'2017-03-01',NULL,'辽BK2202',NULL,NULL,NULL,NULL,NULL,NULL,NULL,NULL,NULL,NULL,'2013-03-01',NULL,200,12,2,131072,NULL,0,'2017-03-01'),
 (48,NULL,'解放','白','有',NULL,'2017-12-06 08:12:13',NULL,NULL,'87598828','2028-03-01','2013-03-01',NULL,21,'2017-03-01',NULL,'辽BK2232',NULL,NULL,NULL,NULL,NULL,NULL,NULL,NULL,NULL,NULL,'2013-03-01',NULL,200,12,2,131072,NULL,0,'2017-03-01'),
 (49,NULL,'解放','白','有',NULL,'2017-12-06 08:12:13',NULL,NULL,'87598828','2028-03-01','2013-03-01',NULL,21,'2017-03-01',NULL,'辽BK2242',NULL,NULL,NULL,NULL,NULL,NULL,NULL,NULL,NULL,NULL,'2013-03-01',NULL,200,12,2,131072,NULL,0,'2017-03-01'),
 (50,NULL,'解放','白','有',NULL,'2017-12-06 08:12:13',NULL,NULL,'87598828','2028-03-01','2013-03-01',NULL,21,'2017-03-01',NULL,'辽BK2252',NULL,NULL,NULL,NULL,NULL,NULL,NULL,NULL,NULL,NULL,'2013-03-01',NULL,200,12,2,131072,NULL,0,'2017-03-01'),
 (51,NULL,'解放','白','有',NULL,'2017-12-06 08:12:13',NULL,NULL,'87598828','2030-10-10','2015-10-10',NULL,21,'2016-10-01',NULL,'辽BL5272',NULL,NULL,NULL,NULL,NULL,NULL,NULL,NULL,NULL,NULL,'2015-10-10',NULL,200,12,2,131072,NULL,0,'2016-10-01'),
 (52,NULL,'解放','白','有',NULL,'2017-12-06 08:12:13',NULL,NULL,'87598828','2030-10-15','2015-10-15',NULL,21,'2017-10-15',NULL,'辽BL5275',NULL,NULL,NULL,NULL,NULL,NULL,NULL,NULL,NULL,NULL,'2015-10-15',NULL,200,12,2,131072,NULL,0,'2017-10-15'),
 (53,NULL,'解放','白','有',NULL,'2017-12-06 08:12:13',NULL,NULL,'87598828','2030-10-15','2015-10-15',NULL,21,'2017-10-15',NULL,'辽BL5280',NULL,NULL,NULL,NULL,NULL,NULL,NULL,NULL,NULL,NULL,'2015-10-15',NULL,200,12,2,131072,NULL,0,'2017-10-15'),
 (54,NULL,'解放','白','有',NULL,'2017-12-06 08:12:13',NULL,NULL,'87598828','2030-10-15','2015-10-15',NULL,21,'2017-10-15',NULL,'辽BL5273',NULL,NULL,NULL,NULL,NULL,NULL,NULL,NULL,NULL,NULL,'2015-10-15',NULL,200,12,2,131072,NULL,0,'2017-10-15'),
 (55,NULL,'解放','白','有',NULL,'2017-12-06 08:12:13',NULL,NULL,'87598828','2030-10-15','2015-10-15',NULL,21,'2017-10-15',NULL,'辽BL5265',NULL,NULL,NULL,NULL,NULL,NULL,NULL,NULL,NULL,NULL,'2015-10-15',NULL,200,12,2,131072,NULL,0,'2017-10-15'),
 (56,NULL,'解放','白','有',NULL,'2017-12-06 08:12:13',NULL,NULL,'87598828','2030-10-15','2015-10-15',NULL,21,'2017-10-15',NULL,'辽BL5277',NULL,NULL,NULL,NULL,NULL,NULL,NULL,NULL,NULL,NULL,'2015-10-15',NULL,200,12,2,131072,NULL,0,'2017-10-15'),
 (57,NULL,'北奔牌','红色','有',NULL,'2017-12-06 08:12:13',NULL,NULL,NULL,'2024-04-03','2009-04-03',NULL,36,'2017-04-03',NULL,'辽BB2987',NULL,NULL,NULL,NULL,NULL,NULL,NULL,NULL,NULL,NULL,'2009-04-03',NULL,200,12,1,131072,NULL,0,'2017-04-03'),
 (58,NULL,'北奔牌','红色','有',NULL,'2017-12-06 08:12:13',NULL,NULL,NULL,'2024-04-03','2009-04-03',NULL,36,'2017-04-03',NULL,'辽BB3056',NULL,NULL,NULL,NULL,NULL,NULL,NULL,NULL,NULL,NULL,'2009-04-03',NULL,200,12,1,131072,NULL,0,'2017-04-03'),
 (59,NULL,'北奔牌','红色','有',NULL,'2017-12-06 08:12:13',NULL,NULL,NULL,'2024-04-03','2009-04-03',NULL,36,'2017-04-03',NULL,'辽BB3133',NULL,NULL,NULL,NULL,NULL,NULL,NULL,NULL,NULL,NULL,'2009-04-03',NULL,200,12,1,131072,NULL,0,'2017-04-03'),
 (60,NULL,'北奔牌','红色','有',NULL,'2017-12-06 08:12:13',NULL,NULL,'18900998376','2024-04-03','2009-04-03',NULL,36,'2017-04-03',NULL,'辽BB3116',NULL,NULL,NULL,NULL,NULL,NULL,NULL,NULL,NULL,NULL,'2009-04-03',NULL,200,12,1,131072,NULL,0,'2017-04-03'),
 (61,NULL,'北奔牌','红色','有',NULL,'2017-12-06 08:12:13',NULL,NULL,'18900998376','2024-04-03','2009-04-03',NULL,36,'2017-04-03',NULL,'辽BB3123',NULL,NULL,NULL,NULL,NULL,NULL,NULL,NULL,NULL,NULL,'2009-04-03',NULL,200,12,1,131072,NULL,0,'2017-04-03'),
 (62,NULL,'北奔牌','红色','有',NULL,'2017-12-06 08:12:13',NULL,NULL,NULL,'2024-04-03','2009-04-03',NULL,36,'2017-04-03',NULL,'辽BB3126',NULL,NULL,NULL,NULL,NULL,NULL,NULL,NULL,NULL,NULL,'2009-04-03',NULL,200,12,1,131072,NULL,0,'2017-04-03'),
 (63,NULL,'北奔牌','红色','有',NULL,'2017-12-06 08:12:13',NULL,NULL,'18900998376','2024-04-03','2009-04-03',NULL,36,'2017-04-03',NULL,'辽BB3156',NULL,NULL,NULL,NULL,NULL,NULL,NULL,NULL,NULL,NULL,'2009-04-03',NULL,200,12,1,131072,NULL,0,'2017-04-03'),
 (64,NULL,'北奔牌','红色','有',NULL,'2017-12-06 08:12:13',NULL,NULL,'18900998376','2024-04-03','2009-04-03',NULL,36,'2017-04-03',NULL,'辽BB3169',NULL,NULL,NULL,NULL,NULL,NULL,NULL,NULL,NULL,NULL,'2009-04-03',NULL,200,12,1,131072,NULL,0,'2017-04-03'),
 (65,NULL,'北奔牌','红色','有',NULL,'2017-12-06 08:12:13',NULL,NULL,'18900998376','2024-04-03','2009-04-03',NULL,36,'2017-04-03',NULL,'辽BB3186',NULL,NULL,NULL,NULL,NULL,NULL,NULL,NULL,NULL,NULL,'2009-04-03',NULL,200,12,1,131072,NULL,0,'2017-04-03'),
 (66,NULL,'北奔牌','红色','有',NULL,'2017-12-06 08:12:13',NULL,NULL,'18900998376','2024-04-03','2009-04-03',NULL,36,'2017-04-03',NULL,'辽BB3189',NULL,NULL,NULL,NULL,NULL,NULL,NULL,NULL,NULL,NULL,'2009-04-03',NULL,200,12,1,131072,NULL,0,'2017-04-03'),
 (67,NULL,'北奔牌','红色','有',NULL,'2017-12-06 08:12:13',NULL,NULL,'18900998376','2024-04-03','2009-04-03',NULL,36,'2017-04-03',NULL,'辽BB3113',NULL,NULL,NULL,NULL,NULL,NULL,NULL,NULL,NULL,NULL,'2009-04-03',NULL,200,12,1,131072,NULL,0,'2017-04-03'),
 (68,NULL,'北奔牌','红色','有',NULL,'2017-12-06 08:12:13',NULL,NULL,'18900998376','2024-04-03','2009-04-03',NULL,36,'2017-04-03',NULL,'辽BB3196',NULL,NULL,NULL,NULL,NULL,NULL,NULL,NULL,NULL,NULL,'2009-04-03',NULL,200,12,1,131072,NULL,0,'2017-04-03'),
 (69,NULL,'北奔牌','红色','有',NULL,'2017-12-06 08:12:13',NULL,NULL,'18900998376','2024-04-03','2009-04-03',NULL,36,'2017-04-03',NULL,'辽BB3197',NULL,NULL,NULL,NULL,NULL,NULL,NULL,NULL,NULL,NULL,'2009-04-03',NULL,200,12,1,131072,NULL,0,'2017-04-03'),
 (70,NULL,'北奔牌','红色','有',NULL,'2017-12-06 08:12:13',NULL,NULL,'18900998376','2024-04-03','2009-04-03',NULL,36,'2017-04-03',NULL,'辽BB3198',NULL,NULL,NULL,NULL,NULL,NULL,NULL,NULL,NULL,NULL,'2009-04-03',NULL,200,12,1,131072,NULL,0,'2017-04-03'),
 (71,NULL,'北奔牌','红色','有',NULL,'2017-12-06 08:12:13',NULL,NULL,'18900998376','2024-04-03','2009-04-03',NULL,36,'2017-04-03',NULL,'辽BB3209',NULL,NULL,NULL,NULL,NULL,NULL,NULL,NULL,NULL,NULL,'2009-04-03',NULL,200,12,1,131072,NULL,0,'2017-04-03'),
 (72,NULL,'北奔牌','红色','有',NULL,'2017-12-06 08:12:13',NULL,NULL,'18900998376','2024-04-03','2009-04-03',NULL,36,'2017-04-03',NULL,'辽BB3216',NULL,NULL,NULL,NULL,NULL,NULL,NULL,NULL,NULL,NULL,'2009-04-03',NULL,200,12,1,131072,NULL,0,'2017-04-03'),
 (73,NULL,'北奔牌','红色','有',NULL,'2017-12-06 08:12:13',NULL,NULL,'18900998376','2024-04-03','2009-04-03',NULL,36,'2017-04-03',NULL,'辽BB3226',NULL,NULL,NULL,NULL,NULL,NULL,NULL,NULL,NULL,NULL,'2009-04-03',NULL,200,12,1,131072,NULL,0,'2017-04-03'),
 (74,NULL,'北奔牌','红色','有',NULL,'2017-12-06 08:12:13',NULL,NULL,'18900998376','2024-04-03','2009-04-03',NULL,36,'2017-04-03',NULL,'辽BB3228',NULL,NULL,NULL,NULL,NULL,NULL,NULL,NULL,NULL,NULL,'2009-04-03',NULL,200,12,1,131072,NULL,0,'2017-04-03'),
 (75,NULL,'北奔牌','红色','有',NULL,'2017-12-06 08:12:13',NULL,NULL,'18900998376','2024-04-03','2009-04-03',NULL,36,'2017-04-03',NULL,'辽BB3238',NULL,NULL,NULL,NULL,NULL,NULL,NULL,NULL,NULL,NULL,'2009-04-03',NULL,200,12,1,131072,NULL,0,'2017-04-03'),
 (76,NULL,'北奔牌','红色','有',NULL,'2017-12-06 08:12:13',NULL,NULL,'18900998376','2024-04-03','2009-04-03',NULL,36,'2017-04-03',NULL,'辽BB3239',NULL,NULL,NULL,NULL,NULL,NULL,NULL,NULL,NULL,NULL,'2009-04-03',NULL,200,12,1,131072,NULL,0,'2017-04-03'),
 (77,NULL,'骏通牌','红灰','有',NULL,'2017-12-06 08:12:13',NULL,NULL,'18900998376','2028-09-10','2013-09-10',NULL,36,'2017-09-10',NULL,'辽BK5208',NULL,NULL,NULL,NULL,NULL,NULL,NULL,NULL,NULL,NULL,'2013-07-09',NULL,200,12,1,131072,NULL,0,'2017-09-10'),
 (78,NULL,'骏通牌','红灰','有',NULL,'2017-12-06 08:12:13',NULL,NULL,'18900998376','2028-09-10','2013-09-10',NULL,36,'2017-09-10',NULL,'辽BK5199',NULL,NULL,NULL,NULL,NULL,NULL,NULL,NULL,NULL,NULL,'2013-09-10',NULL,200,12,1,131072,NULL,0,'2017-09-10'),
 (79,NULL,'骏通牌','红灰','有',NULL,'2017-12-06 08:12:13',NULL,NULL,'18900998376','2028-09-10','2013-09-10',NULL,36,'2017-09-10',NULL,'辽BK5198',NULL,NULL,NULL,NULL,NULL,NULL,NULL,NULL,NULL,NULL,'2013-09-10',NULL,200,12,1,131072,NULL,0,'2017-09-10'),
 (80,NULL,'骏通牌','红灰','有',NULL,'2017-12-06 08:12:13',NULL,NULL,'18900998376','2028-09-10','2013-09-10',NULL,36,'2017-09-10',NULL,'辽BK5196',NULL,NULL,NULL,NULL,NULL,NULL,NULL,NULL,NULL,NULL,'2013-09-10',NULL,200,12,1,131072,NULL,0,'2017-09-10'),
 (81,NULL,'骏通牌','红灰','有',NULL,'2017-12-06 08:12:13',NULL,NULL,'18900998376','2028-09-10','2013-09-10',NULL,36,'2017-09-10',NULL,'辽BK5195',NULL,NULL,NULL,NULL,NULL,NULL,NULL,NULL,NULL,NULL,'2013-03-01',NULL,200,12,1,131072,NULL,0,'2017-09-10'),
 (82,NULL,'骏通牌','红灰','有',NULL,'2017-12-06 08:12:13',NULL,NULL,'18900998376','2028-09-10','2013-09-10',NULL,36,'2017-09-10',NULL,'辽BK5193',NULL,NULL,NULL,NULL,NULL,NULL,NULL,NULL,NULL,NULL,'2013-03-01',NULL,200,12,1,131072,NULL,0,'2017-09-10'),
 (83,NULL,'骏通牌','红灰','有',NULL,'2017-12-06 08:12:13',NULL,NULL,'18900998376','2028-09-10','2013-09-10',NULL,36,'2017-09-10',NULL,'辽BK5191',NULL,NULL,NULL,NULL,NULL,NULL,NULL,NULL,NULL,NULL,'2013-07-01',NULL,200,12,1,131072,NULL,0,'2017-09-10'),
 (84,NULL,'骏通牌','红灰','有',NULL,'2017-12-06 08:12:13',NULL,NULL,'18900998376','2028-09-10','2013-09-10',NULL,36,'2017-09-10',NULL,'辽BK5189',NULL,NULL,NULL,NULL,NULL,NULL,NULL,NULL,NULL,NULL,'2013-07-01',NULL,200,12,1,131072,NULL,0,'2017-09-10'),
 (85,NULL,'骏通牌','红灰','有',NULL,'2017-12-06 08:12:13',NULL,NULL,'18900998376','2028-09-10','2013-09-10',NULL,36,'2017-09-10',NULL,'辽BK5188',NULL,NULL,NULL,NULL,NULL,NULL,NULL,NULL,NULL,NULL,'2013-07-01',NULL,200,12,1,131072,NULL,0,'2017-09-10'),
 (86,NULL,'骏通牌','红灰','有',NULL,'2017-12-06 08:12:13',NULL,NULL,'18900998376','2028-09-10','2013-09-10',NULL,36,'2017-09-10',NULL,'辽BK5187',NULL,NULL,NULL,NULL,NULL,NULL,NULL,NULL,NULL,NULL,'2013-07-01',NULL,200,12,1,131072,NULL,0,'2017-09-10'),
 (87,NULL,'骏通牌','红灰','有',NULL,'2017-12-06 08:12:13',NULL,NULL,'18900998376','2028-09-10','2013-09-10',NULL,36,'2017-09-10',NULL,'辽BK5186',NULL,NULL,NULL,NULL,NULL,NULL,NULL,NULL,NULL,NULL,'2013-03-01',NULL,200,12,1,131072,NULL,0,'2017-09-10'),
 (88,NULL,'骏通牌','红灰','有',NULL,'2017-12-06 08:12:13',NULL,NULL,'18900998376','2028-09-10','2013-09-10',NULL,36,'2017-09-10',NULL,'辽BK5185',NULL,NULL,NULL,NULL,NULL,NULL,NULL,NULL,NULL,NULL,'2013-03-01',NULL,200,12,1,131072,NULL,0,'2017-09-10'),
 (89,NULL,'骏通牌','红灰','有',NULL,'2017-12-06 08:12:13',NULL,NULL,'18900998376','2028-09-10','2013-09-10',NULL,36,'2017-09-10',NULL,'辽BK5183',NULL,NULL,NULL,NULL,NULL,NULL,NULL,NULL,NULL,NULL,'2013-07-01',NULL,200,12,1,131072,NULL,0,'2017-09-10'),
 (90,NULL,'骏通牌','红灰','有',NULL,'2017-12-06 08:12:13',NULL,NULL,'18900998376','2028-09-10','2013-09-10',NULL,36,'2017-09-10',NULL,'辽BK5282',NULL,NULL,NULL,NULL,NULL,NULL,NULL,NULL,NULL,NULL,'2013-07-01',NULL,200,12,1,131072,NULL,0,'2017-09-10'),
 (91,NULL,'骏通牌','红灰','有',NULL,'2017-12-06 08:12:13',NULL,NULL,'18900998376','2028-09-10','2013-09-10',NULL,36,'2017-09-10',NULL,'辽BK5181',NULL,NULL,NULL,NULL,NULL,NULL,NULL,NULL,NULL,NULL,'2013-07-01',NULL,200,12,1,131072,NULL,0,'2017-09-10'),
 (92,NULL,'骏通牌','红灰','有',NULL,'2017-12-06 08:12:13',NULL,NULL,'18900998376','2028-09-10','2013-09-10',NULL,36,'2017-09-10',NULL,'辽BK5180',NULL,NULL,NULL,NULL,NULL,NULL,NULL,NULL,NULL,NULL,'2013-03-01',NULL,200,12,1,131072,NULL,0,'2017-09-10'),
 (93,NULL,'骏通牌','红灰','有',NULL,'2017-12-06 08:12:13',NULL,NULL,'18900998376','2028-09-10','2013-09-10',NULL,36,'2017-09-10',NULL,'辽BK5179',NULL,NULL,NULL,NULL,NULL,NULL,NULL,NULL,NULL,NULL,'2013-03-01',NULL,200,12,1,131072,NULL,0,'2017-09-10'),
 (94,NULL,'骏通牌','红灰','有',NULL,'2017-12-06 08:12:13',NULL,NULL,'18900998376','2028-09-10','2013-09-10',NULL,36,'2017-09-10',NULL,'辽BK5178',NULL,NULL,NULL,NULL,NULL,NULL,NULL,NULL,NULL,NULL,'2013-07-01',NULL,200,12,1,131072,NULL,0,'2017-09-10'),
 (95,NULL,'骏通牌','红灰','有',NULL,'2017-12-06 08:12:13',NULL,NULL,'18900998376','2028-09-10','2013-09-10',NULL,36,'2017-09-10',NULL,'辽BK5177',NULL,NULL,NULL,NULL,NULL,NULL,NULL,NULL,NULL,NULL,'2013-07-01',NULL,200,12,1,131072,NULL,0,'2017-09-10'),
 (96,NULL,'骏通牌','红灰','有',NULL,'2017-12-06 08:12:13',NULL,NULL,'18900998376','2028-09-10','2013-09-10',NULL,36,'2017-09-10',NULL,'辽BK5176',NULL,NULL,NULL,NULL,NULL,NULL,NULL,NULL,NULL,NULL,'2013-03-01',NULL,200,12,1,131072,NULL,0,'2017-09-10'),
 (97,NULL,'骏通牌','红灰','有',NULL,'2017-12-06 08:12:13',NULL,NULL,'18900998376','2028-09-10','2013-09-10',NULL,36,'2017-09-10',NULL,'辽BK5175',NULL,NULL,NULL,NULL,NULL,NULL,NULL,NULL,NULL,NULL,'2013-07-01',NULL,200,12,1,131072,NULL,0,'2017-09-10'),
 (98,NULL,'骏通牌','红灰','有',NULL,'2017-12-06 08:12:13',NULL,NULL,'18900998376','2028-09-10','2013-09-10',NULL,36,'2017-09-10',NULL,'辽BK5173',NULL,NULL,NULL,NULL,NULL,NULL,NULL,NULL,NULL,NULL,'2013-07-01',NULL,200,12,1,131072,NULL,0,'2017-09-10'),
 (99,NULL,'骏通牌','红灰','有',NULL,'2017-12-06 08:12:13',NULL,NULL,'18900998376','2028-09-10','2013-09-10',NULL,36,'2017-09-10',NULL,'辽BK5172',NULL,NULL,NULL,NULL,NULL,NULL,NULL,NULL,NULL,NULL,'2013-07-01',NULL,200,12,1,131072,NULL,0,'2017-09-10'),
 (100,NULL,'骏通牌','红灰','有',NULL,'2017-12-06 08:12:13',NULL,NULL,'18900998376','2028-09-10','2013-09-10',NULL,36,'2017-09-10',NULL,'辽BK5171',NULL,NULL,NULL,NULL,NULL,NULL,NULL,NULL,NULL,NULL,'2013-07-01',NULL,200,12,1,131072,NULL,0,'2017-09-10'),
 (101,NULL,'骏通牌','红灰','有',NULL,'2017-12-06 08:12:13',NULL,NULL,'18900998376','2028-09-10','2013-09-10',NULL,36,'2017-09-10',NULL,'辽BK5167',NULL,NULL,NULL,NULL,NULL,NULL,NULL,NULL,NULL,NULL,'2013-07-01',NULL,200,12,1,131072,NULL,0,'2017-09-10'),
 (102,NULL,'骏通牌','红灰','有',NULL,'2017-12-06 08:12:13',NULL,NULL,'18900998376','2028-09-10','2013-09-10',NULL,36,'2017-09-10',NULL,'辽BK5165',NULL,NULL,NULL,NULL,NULL,NULL,NULL,NULL,NULL,NULL,'2013-07-01',NULL,200,12,1,131072,NULL,0,'2017-09-10'),
 (103,NULL,'骏通牌','红灰','有',NULL,'2017-12-06 08:12:13',NULL,NULL,'18900998376','2028-09-10','2013-09-10',NULL,36,'2017-09-10',NULL,'辽BK5150',NULL,NULL,NULL,NULL,NULL,NULL,NULL,NULL,NULL,NULL,'2013-07-01',NULL,200,12,1,131072,NULL,0,'2017-09-10'),
 (104,NULL,'骏通牌','红灰','有',NULL,'2017-12-06 08:12:13',NULL,NULL,'18900998376','2028-09-10','2013-09-10',NULL,36,'2017-09-10',NULL,'辽BK5093',NULL,NULL,NULL,NULL,NULL,NULL,NULL,NULL,NULL,NULL,'2013-07-01',NULL,200,12,1,131072,NULL,0,'2017-09-10'),
 (105,NULL,'骏通牌','红灰','有',NULL,'2017-12-06 08:12:13',NULL,NULL,'18900998376','2028-09-10','2013-09-10',NULL,36,'2017-09-10',NULL,'辽BK5063',NULL,NULL,NULL,NULL,NULL,NULL,NULL,NULL,NULL,NULL,'2013-07-01',NULL,200,12,1,131072,NULL,0,'2017-09-10'),
 (106,NULL,'骏通牌','红灰','有',NULL,'2017-12-06 08:12:13',NULL,NULL,'18900998376','2028-09-10','2013-09-10',NULL,36,'2017-09-10',NULL,'辽BK5061',NULL,NULL,NULL,NULL,NULL,NULL,NULL,NULL,NULL,NULL,'2013-07-01',NULL,200,12,1,131072,NULL,0,'2017-09-10'),
 (107,NULL,'江铃','白',NULL,NULL,'2017-12-06 08:12:13',NULL,NULL,NULL,'2026-12-07','2011-12-07',NULL,10,'2016-12-07',NULL,'辽B3L268',NULL,NULL,NULL,NULL,NULL,NULL,NULL,NULL,NULL,NULL,'2011-12-07',NULL,200,12,0,131072,NULL,0,'2016-12-07'),
 (108,NULL,'清源','白',NULL,NULL,'2017-12-06 08:12:13',NULL,NULL,NULL,'2026-06-15','2011-06-01',NULL,10,'2017-06-03',NULL,'辽B4D267',NULL,NULL,NULL,NULL,NULL,NULL,NULL,NULL,NULL,NULL,'2010-12-24',NULL,200,12,0,131072,NULL,0,'2017-06-30'),
 (110,NULL,'大力','蓝/白',NULL,NULL,'2017-12-06 08:12:13',NULL,NULL,NULL,'2022-05-16','2007-05-16',NULL,10,'2017-05-29',NULL,'辽BA1651',NULL,NULL,NULL,NULL,NULL,NULL,NULL,NULL,NULL,NULL,'2007-04-13',NULL,200,12,0,131072,NULL,0,'2017-05-16'),
 (115,NULL,'斯达-斯太尔牌','蓝',NULL,NULL,'2017-12-06 08:12:13',NULL,NULL,NULL,'2023-04-23','2008-04-08',NULL,10,'2016-04-16',NULL,'辽BA7076',NULL,NULL,NULL,NULL,NULL,NULL,NULL,NULL,NULL,NULL,'2007-12-31',NULL,200,12,0,131072,NULL,0,'2017-04-30'),
 (116,NULL,'神行牌','蓝',NULL,NULL,'2017-12-06 08:12:13',NULL,NULL,NULL,'2023-04-02','2008-04-02',NULL,10,'2016-04-16',NULL,'辽B2798挂',NULL,NULL,NULL,NULL,NULL,NULL,NULL,NULL,NULL,NULL,'2008-03-08',NULL,200,12,0,131072,NULL,0,'2017-04-30'),
 (117,NULL,'斯达-斯太尔牌','蓝',NULL,NULL,'2017-12-06 08:12:13',NULL,NULL,NULL,'2023-04-02','2008-04-02',NULL,10,'2017-04-16',NULL,'辽BA7170',NULL,NULL,NULL,NULL,NULL,NULL,NULL,NULL,NULL,NULL,'2007-12-15',NULL,200,12,0,131072,NULL,0,'2017-04-30'),
 (118,NULL,'神行牌','蓝',NULL,NULL,'2017-12-06 08:12:13',NULL,NULL,NULL,'2023-04-02','2008-04-02',NULL,10,'2017-04-16',NULL,'辽B2727挂',NULL,NULL,NULL,NULL,NULL,NULL,NULL,NULL,NULL,NULL,'2008-03-08',NULL,200,12,0,131072,NULL,0,'2017-04-30'),
 (119,NULL,'斯达-斯太尔牌','蓝',NULL,NULL,'2017-12-06 08:12:13',NULL,NULL,NULL,'2023-04-02','2008-04-02',NULL,10,'2017-04-16',NULL,'辽BA7356',NULL,NULL,NULL,NULL,NULL,NULL,NULL,NULL,NULL,NULL,'2007-12-15',NULL,200,12,0,131072,NULL,0,'2017-04-30'),
 (120,NULL,'神行牌','蓝',NULL,NULL,'2017-12-06 08:12:13',NULL,NULL,NULL,'2023-04-02','2008-04-02',NULL,10,'2017-04-16',NULL,'辽B2685挂',NULL,NULL,NULL,NULL,NULL,NULL,NULL,NULL,NULL,NULL,'2008-03-08',NULL,200,12,0,131072,NULL,0,'2017-04-30'),
 (121,NULL,'斯达-斯太尔牌','蓝',NULL,NULL,'2017-12-06 08:12:13',NULL,NULL,NULL,'2023-04-02','2008-04-02',NULL,10,'2017-04-16',NULL,'辽BA7378',NULL,NULL,NULL,NULL,NULL,NULL,NULL,NULL,NULL,NULL,'2007-12-31',NULL,200,12,0,131072,NULL,0,'2017-04-30'),
 (122,NULL,'神行牌','蓝',NULL,NULL,'2017-12-06 08:12:13',NULL,NULL,NULL,'2023-04-02','2008-04-02',NULL,10,'2017-04-16',NULL,'辽B2691挂',NULL,NULL,NULL,NULL,NULL,NULL,NULL,NULL,NULL,NULL,'2008-03-08',NULL,200,12,0,131072,NULL,0,'2017-04-30'),
 (123,NULL,'解放牌','蓝',NULL,NULL,'2017-12-06 08:12:13',NULL,NULL,NULL,'2023-09-10','2008-09-10',NULL,10,'2016-09-01',NULL,'辽BB0112',NULL,NULL,NULL,NULL,NULL,NULL,NULL,NULL,NULL,NULL,'2008-08-21',NULL,200,12,0,131072,NULL,0,'2017-09-30'),
 (124,NULL,'乘龙牌','红色',NULL,NULL,'2017-12-06 08:12:13',NULL,NULL,NULL,'2024-09-08','2009-09-08',NULL,10,'2016-09-30',NULL,'辽BB6499',NULL,NULL,NULL,NULL,NULL,NULL,NULL,NULL,NULL,NULL,'2009-07-06',NULL,200,12,0,131072,NULL,0,'2017-09-30'),
 (125,NULL,'乘龙牌','蓝',NULL,NULL,'2017-12-06 08:12:13',NULL,NULL,NULL,'2024-09-08','2009-09-08',NULL,10,'2016-09-03',NULL,'辽BB6513',NULL,NULL,NULL,NULL,NULL,NULL,NULL,NULL,NULL,NULL,'2009-07-18',NULL,200,12,0,131072,NULL,0,'2017-09-30'),
 (126,NULL,'乘龙牌','红色',NULL,NULL,'2017-12-06 08:12:13',NULL,NULL,NULL,'2024-09-08','2009-09-08',NULL,10,'2016-09-03',NULL,'辽BB6519',NULL,NULL,NULL,NULL,NULL,NULL,NULL,NULL,NULL,NULL,'2009-07-06',NULL,200,12,0,131072,NULL,0,'2010-09-08'),
 (127,NULL,'乘龙牌','红色',NULL,NULL,'2017-12-06 08:12:13',NULL,NULL,NULL,'2024-09-08','2009-09-08',NULL,10,'2016-09-03',NULL,'辽BB6523',NULL,NULL,NULL,NULL,NULL,NULL,NULL,NULL,NULL,NULL,'2009-07-06',NULL,200,12,0,131072,NULL,0,'2017-09-30'),
 (128,NULL,'江铃','白',NULL,NULL,'2017-12-06 08:12:13',NULL,NULL,NULL,'2020-10-26','2005-10-26',NULL,10,'2015-12-31',NULL,'辽BBM353',NULL,NULL,NULL,NULL,NULL,NULL,NULL,NULL,NULL,NULL,'2005-09-09',NULL,200,12,0,131072,NULL,0,'2016-04-30'),
 (129,NULL,'东南','绿',NULL,NULL,'2017-12-06 08:12:13',NULL,NULL,NULL,'2099-12-31','2002-03-29',NULL,10,'2016-12-31',NULL,'辽BD3929',NULL,NULL,NULL,NULL,NULL,NULL,NULL,NULL,NULL,NULL,'2001-11-17',NULL,200,12,0,131072,NULL,0,'2017-03-31'),
 (130,NULL,'江铃','白',NULL,NULL,'2017-12-06 08:12:13',NULL,NULL,NULL,'2099-12-09','2006-05-09',NULL,10,'2016-09-01',NULL,'辽BDU202',NULL,NULL,NULL,NULL,NULL,NULL,NULL,NULL,NULL,NULL,'2006-03-23',NULL,200,12,0,131072,NULL,0,'2017-05-31'),
 (131,NULL,'金杯','白',NULL,NULL,'2017-12-06 08:12:13',NULL,NULL,NULL,'2034-11-24','2004-11-24',NULL,10,'2015-12-30',NULL,'辽BE5795',NULL,NULL,NULL,NULL,NULL,NULL,NULL,NULL,NULL,NULL,'2004-10-13',NULL,200,12,0,0,NULL,0,'2016-11-30'),
 (132,NULL,'金杯','白',NULL,NULL,'2017-12-06 08:12:13',NULL,NULL,NULL,'2024-11-24','2004-11-24',NULL,10,'2016-12-31',NULL,'辽BE8372',NULL,NULL,NULL,NULL,NULL,NULL,NULL,NULL,NULL,NULL,'2004-10-21',NULL,200,12,0,0,NULL,0,'2016-11-24'),
 (133,NULL,'江淮','红色',NULL,NULL,'2017-12-06 08:12:13',NULL,NULL,NULL,'2028-10-10','2013-10-10',NULL,10,'2016-09-29',NULL,'辽BK5477',NULL,NULL,NULL,NULL,NULL,NULL,NULL,NULL,NULL,NULL,'2013-08-12',NULL,200,12,0,0,NULL,0,'2016-10-10'),
 (134,NULL,'豪沃牌','红色',NULL,NULL,'2017-12-06 08:12:13',NULL,NULL,NULL,'2029-12-24','2014-12-24',NULL,10,'2016-12-11',NULL,'辽BL0316',NULL,NULL,NULL,NULL,NULL,NULL,NULL,NULL,NULL,NULL,'2014-11-26',NULL,200,12,0,0,NULL,0,'2015-12-24'),
 (135,NULL,'铮铮牌','红',NULL,NULL,'2017-12-06 08:12:13',NULL,NULL,NULL,'2029-12-24','2014-12-24',NULL,10,'2016-12-11',NULL,'辽B8358挂',NULL,NULL,NULL,NULL,NULL,NULL,NULL,NULL,NULL,NULL,'2014-12-20',NULL,200,12,0,0,NULL,0,'2015-12-24'),
 (136,NULL,'铮铮牌','红色',NULL,NULL,'2017-12-06 08:12:13',NULL,NULL,NULL,'2029-12-24','2014-12-24',NULL,10,'2016-12-11',NULL,'辽B8327挂',NULL,NULL,NULL,NULL,NULL,NULL,NULL,NULL,NULL,NULL,'2014-11-20',NULL,200,12,0,0,NULL,0,'2016-12-31'),
 (137,NULL,'豪沃牌','红色',NULL,NULL,'2017-12-06 08:12:13',NULL,NULL,NULL,'2019-12-24','2014-12-24',NULL,10,'2016-12-11',NULL,'辽BL0327',NULL,NULL,NULL,NULL,NULL,NULL,NULL,NULL,NULL,NULL,'2014-11-21',NULL,200,12,0,0,NULL,0,'2016-12-31'),
 (138,NULL,'豪沃牌','红色',NULL,NULL,'2017-12-06 08:12:13',NULL,NULL,NULL,'2030-12-18','2015-12-18',NULL,10,'2016-11-24',NULL,'辽BL6722',NULL,NULL,NULL,NULL,NULL,NULL,NULL,NULL,NULL,NULL,'2015-10-21',NULL,200,12,0,0,NULL,0,'2016-12-31'),
 (139,NULL,'凯事成牌','灰色',NULL,NULL,'2017-12-06 08:12:13',NULL,NULL,NULL,'2030-12-18','2015-12-18',NULL,10,'2016-11-24',NULL,'辽B8678挂',NULL,NULL,NULL,NULL,NULL,NULL,NULL,NULL,NULL,NULL,'2015-11-01',NULL,200,12,0,0,NULL,0,'2016-12-18'),
 (140,NULL,'凯事成牌','红色',NULL,NULL,'2017-12-06 08:12:13',NULL,NULL,NULL,'2030-12-18','2015-12-18',NULL,10,'2016-11-24',NULL,'辽B8767挂',NULL,NULL,NULL,NULL,NULL,NULL,NULL,NULL,NULL,NULL,'2015-11-01',NULL,200,12,0,0,NULL,0,'2016-12-18'),
 (141,NULL,'豪沃牌','红',NULL,NULL,'2017-12-06 08:12:13',NULL,NULL,NULL,'2030-12-18','2015-12-18',NULL,10,'2016-11-24',NULL,'辽BL6818',NULL,NULL,NULL,NULL,NULL,NULL,NULL,NULL,NULL,NULL,'2015-10-22',NULL,200,12,0,0,NULL,0,'2016-12-18'),
 (142,NULL,'豪沃牌','红色',NULL,NULL,'2017-12-06 08:12:13',NULL,NULL,NULL,'2030-12-18','2015-12-18',NULL,10,'2016-11-24',NULL,'辽BL6836',NULL,NULL,NULL,NULL,NULL,NULL,NULL,NULL,NULL,NULL,'2015-10-21',NULL,200,12,0,0,NULL,0,'2016-12-18'),
 (143,NULL,'凯事成牌','红色',NULL,NULL,'2017-12-06 08:12:13',NULL,NULL,NULL,'2030-12-18','2015-12-18',NULL,10,'2016-11-24',NULL,'辽B8909挂',NULL,NULL,NULL,NULL,NULL,NULL,NULL,NULL,NULL,NULL,'2015-11-01',NULL,200,12,0,0,NULL,0,'2016-12-18'),
 (144,NULL,'豪沃牌','红',NULL,NULL,'2017-12-06 08:12:13',NULL,NULL,NULL,'2030-12-18','2015-12-18',NULL,10,'2016-11-24',NULL,'辽BL6868',NULL,NULL,NULL,NULL,NULL,NULL,NULL,NULL,NULL,NULL,'2015-10-21',NULL,200,12,0,0,NULL,0,'2016-12-18'),
 (145,NULL,'凯事成牌','黄',NULL,NULL,'2017-12-06 08:12:13',NULL,NULL,NULL,'2030-12-18','2015-12-18',NULL,10,'2016-11-24',NULL,'辽B8787挂',NULL,NULL,NULL,NULL,NULL,NULL,NULL,NULL,NULL,NULL,'2015-11-01',NULL,200,12,0,0,NULL,0,'2016-12-18'),
 (146,NULL,'欧铃牌','蓝',NULL,NULL,'2017-12-06 08:12:13',NULL,NULL,NULL,'2024-09-10','2009-09-10',NULL,10,'2016-09-03',NULL,'辽BRC695',NULL,NULL,NULL,NULL,NULL,NULL,NULL,NULL,NULL,NULL,'2009-07-17',NULL,200,12,0,131072,NULL,0,'2017-09-30'),
 (147,NULL,'欧铃牌','蓝',NULL,NULL,'2017-12-06 08:12:13',NULL,NULL,NULL,'2024-09-10','2009-09-30',NULL,10,'2016-09-30',NULL,'辽BRC696',NULL,NULL,NULL,NULL,NULL,NULL,NULL,NULL,NULL,NULL,'2009-09-17',NULL,200,12,0,131072,NULL,0,'2017-09-30'),
 (148,NULL,'雅阁牌','黑',NULL,NULL,'2017-12-06 08:12:13',NULL,NULL,NULL,'2099-12-31','2016-03-01',NULL,10,'2017-02-19',NULL,'辽B2CT66',NULL,NULL,NULL,NULL,NULL,NULL,NULL,NULL,NULL,NULL,'2015-10-21',NULL,200,12,0,0,NULL,0,'2018-03-31'),
 (149,NULL,'江淮牌','黑',NULL,NULL,'2017-12-06 08:12:13',NULL,NULL,NULL,'2099-12-31','2011-08-05',NULL,10,'2016-08-02',NULL,'辽B3E063',NULL,NULL,NULL,NULL,NULL,NULL,NULL,NULL,NULL,NULL,'2011-04-29',NULL,200,12,0,0,NULL,0,'2017-03-31'),
 (150,NULL,'江淮牌','黑',NULL,NULL,'2017-12-06 08:12:13',NULL,NULL,NULL,'2099-12-31','2011-08-05',NULL,10,'2016-08-02',NULL,'辽B3E101',NULL,NULL,NULL,NULL,NULL,NULL,NULL,NULL,NULL,NULL,'2011-06-17',NULL,200,12,0,0,NULL,0,'2017-08-31'),
 (151,NULL,'别克牌','黄',NULL,NULL,'2017-12-06 08:12:13',NULL,NULL,NULL,'2099-12-31','2016-06-12',NULL,10,'2017-05-29',NULL,'辽B7EW67',NULL,NULL,NULL,NULL,NULL,NULL,NULL,NULL,NULL,NULL,'2016-04-25',NULL,200,12,0,0,NULL,0,'2016-06-30'),
 (152,NULL,'金杯牌','白',NULL,NULL,'2017-12-06 08:12:13',NULL,NULL,NULL,'2099-12-31','2009-02-27',NULL,10,'2016-02-12',NULL,'辽B16D50',NULL,NULL,NULL,NULL,NULL,NULL,NULL,NULL,NULL,NULL,'2008-06-21',NULL,200,12,0,1048576,NULL,0,'2017-02-28'),
 (153,NULL,'金杯牌','白',NULL,NULL,'2017-12-06 08:12:13',NULL,NULL,NULL,'2099-12-31','2009-02-27',NULL,10,'2016-02-12',NULL,'辽B16D51',NULL,NULL,NULL,NULL,NULL,NULL,NULL,NULL,NULL,NULL,'2008-06-18',NULL,200,12,0,1048576,NULL,0,'2017-02-28'),
 (154,NULL,'柯斯达','黄/白',NULL,NULL,'2017-12-06 08:12:13',NULL,NULL,NULL,'2024-08-23','2004-08-23',NULL,10,'2016-12-31',NULL,'辽B00883',NULL,NULL,NULL,NULL,NULL,NULL,NULL,NULL,NULL,NULL,'2004-08-10',NULL,200,12,0,0,NULL,0,'2017-02-28'),
 (155,NULL,'金龙','白/蓝',NULL,NULL,'2017-12-06 08:12:13',NULL,NULL,NULL,'2024-12-07','2004-12-07',NULL,10,'2016-12-31',NULL,'辽B01802',NULL,NULL,NULL,NULL,NULL,NULL,NULL,NULL,NULL,NULL,'2004-11-25',NULL,200,12,0,0,NULL,0,'2016-12-31'),
 (156,NULL,'金龙','白/蓝',NULL,NULL,'2017-12-06 08:12:13',NULL,NULL,NULL,'2024-12-07','2004-12-07',NULL,10,'2017-12-31',NULL,'辽B02016',NULL,NULL,NULL,NULL,NULL,NULL,NULL,NULL,NULL,NULL,'2004-11-25',NULL,200,12,0,0,NULL,0,'2016-12-31'),
 (157,NULL,'柯斯达','黄/白',NULL,NULL,'2017-12-06 08:12:13',NULL,NULL,NULL,'2025-06-09','2005-06-09',NULL,10,'2017-12-31',NULL,'辽B03756',NULL,NULL,NULL,NULL,NULL,NULL,NULL,NULL,NULL,NULL,'2005-05-25',NULL,200,12,0,0,NULL,0,'2016-12-31'),
 (158,NULL,'金龙','白/蓝',NULL,NULL,'2017-12-06 08:12:13',NULL,NULL,NULL,'2026-06-27','2006-06-27',NULL,10,'2016-06-16',NULL,'辽B07918',NULL,NULL,NULL,NULL,NULL,NULL,NULL,NULL,NULL,NULL,'2006-06-08',NULL,200,12,0,0,NULL,0,'2016-12-31'),
 (159,NULL,'金龙','白/蓝',NULL,NULL,'2017-12-06 08:12:13',NULL,NULL,NULL,'2026-06-27','2006-06-27',NULL,10,'2017-06-27',NULL,'辽B07928',NULL,NULL,NULL,NULL,NULL,NULL,NULL,NULL,NULL,NULL,'2006-06-08',NULL,200,12,32,0,NULL,0,'2017-06-27'),
 (160,NULL,'金龙','白/蓝',NULL,NULL,'2017-12-06 08:12:13',NULL,NULL,NULL,'2026-12-04','2006-12-04',NULL,10,'2016-12-04',NULL,'辽B09216',NULL,NULL,NULL,NULL,NULL,NULL,NULL,NULL,NULL,NULL,'2006-11-12',NULL,200,12,32,0,NULL,0,'2016-12-04'),
 (161,NULL,'金龙','白/蓝',NULL,NULL,'2017-12-06 08:12:13',NULL,NULL,NULL,'2026-12-04','2006-12-04',NULL,10,'2016-12-04',NULL,'辽B09235',NULL,NULL,NULL,NULL,NULL,NULL,NULL,NULL,NULL,NULL,'2006-11-12',NULL,200,12,32,0,NULL,0,'2016-12-04'),
 (162,NULL,'骏马牌','白/蓝',NULL,NULL,'2017-12-06 08:12:13',NULL,NULL,NULL,'2028-09-18','2008-09-18',NULL,10,'2017-09-18',NULL,'辽BA3455',NULL,NULL,NULL,NULL,NULL,NULL,NULL,NULL,NULL,NULL,'2008-08-04',NULL,200,12,32,0,NULL,0,'2017-09-18'),
 (163,NULL,'金龙牌','白/蓝',NULL,NULL,'2017-12-06 08:12:13',NULL,NULL,NULL,'2028-01-14','2008-01-14',NULL,10,'2017-01-14',NULL,'辽BA5719',NULL,NULL,NULL,NULL,NULL,NULL,NULL,NULL,NULL,NULL,'2007-11-27',NULL,200,12,32,0,NULL,0,'2017-01-14'),
 (164,NULL,'金龙','白/蓝',NULL,NULL,'2017-12-06 08:12:13',NULL,NULL,NULL,'2028-01-14','2008-01-14',NULL,10,'2017-01-14',NULL,'辽BA5968',NULL,NULL,NULL,NULL,NULL,NULL,NULL,NULL,NULL,NULL,'2007-12-21',NULL,200,12,32,0,NULL,0,'2017-01-14'),
 (165,NULL,'金龙','白/蓝',NULL,NULL,'2017-12-06 08:12:13',NULL,NULL,NULL,'2028-09-18','2008-09-18',NULL,10,'2017-09-17',NULL,'辽BB0499',NULL,NULL,NULL,NULL,NULL,NULL,NULL,NULL,NULL,NULL,'2008-08-04',NULL,200,12,32,0,NULL,0,'2017-09-18'),
 (166,NULL,'江准','灰',NULL,NULL,'2017-12-06 08:12:13',NULL,NULL,NULL,'2028-12-08','2008-12-08',NULL,10,'2016-12-08',NULL,'辽BB1372',NULL,NULL,NULL,NULL,NULL,NULL,NULL,NULL,NULL,NULL,'2008-08-22',NULL,200,12,32,0,NULL,0,'2016-12-08'),
 (167,NULL,'江准','灰',NULL,NULL,'2017-12-06 08:12:13',NULL,NULL,NULL,'2028-12-03','2008-12-03',NULL,10,'2016-12-03',NULL,'辽BB1375',NULL,NULL,NULL,NULL,NULL,NULL,NULL,NULL,NULL,NULL,'2008-03-22',NULL,200,12,32,0,NULL,0,'2016-12-03'),
 (168,NULL,'金龙','白/蓝',NULL,NULL,'2017-12-06 08:12:13',NULL,NULL,NULL,'2028-12-29','2008-12-29',NULL,10,'2016-12-29',NULL,'辽BB1683',NULL,NULL,NULL,NULL,NULL,NULL,NULL,NULL,NULL,NULL,'2008-11-17',NULL,200,12,32,0,NULL,0,'2016-12-29'),
 (169,NULL,'骏马牌','白/蓝',NULL,NULL,'2017-12-06 08:12:13',NULL,NULL,NULL,'2029-08-12','2009-08-12',NULL,10,'2017-08-12',NULL,'辽BB6091',NULL,NULL,NULL,NULL,NULL,NULL,NULL,NULL,NULL,NULL,'2009-04-28',NULL,200,12,32,0,NULL,0,'2017-08-12'),
 (170,NULL,'骏马','白/蓝',NULL,NULL,'2017-12-06 08:12:13',NULL,NULL,NULL,'2028-08-12','2009-08-12',NULL,10,'2017-08-12',NULL,'辽BB6097',NULL,NULL,NULL,NULL,NULL,NULL,NULL,NULL,NULL,NULL,'2009-04-28',NULL,200,12,32,0,NULL,0,'2017-08-12'),
 (171,NULL,'普桑','黑',NULL,NULL,'2017-12-06 08:12:13',NULL,NULL,NULL,'2024-06-09','2004-06-09',NULL,10,'2017-06-09',NULL,'辽BBH729',NULL,NULL,NULL,NULL,NULL,NULL,NULL,NULL,NULL,NULL,'2004-05-04',NULL,200,12,512,0,NULL,0,'2017-06-09'),
 (173,NULL,'全顺','白',NULL,NULL,'2017-12-06 08:12:13',NULL,NULL,NULL,'2020-03-23','2000-03-23',NULL,10,'2017-03-23',NULL,'辽BC3379',NULL,NULL,NULL,NULL,NULL,NULL,NULL,NULL,NULL,NULL,'2000-03-23',NULL,200,12,32,0,NULL,0,'2017-03-23'),
 (174,NULL,'普桑','黑',NULL,NULL,'2017-12-06 08:12:13',NULL,NULL,NULL,'2024-06-09','2004-06-09',NULL,10,'2017-06-09',NULL,'辽BBH739',NULL,NULL,NULL,NULL,NULL,NULL,NULL,NULL,NULL,NULL,'2004-06-09',NULL,200,12,512,0,NULL,0,'2017-06-09'),
 (175,NULL,'普桑','黑',NULL,NULL,'2017-12-06 08:12:13',NULL,NULL,NULL,'2022-03-25','2002-03-25',NULL,10,'2017-03-25',NULL,'辽BD2393',NULL,NULL,NULL,NULL,NULL,NULL,NULL,NULL,NULL,NULL,'2001-12-28',NULL,200,12,512,0,NULL,0,'2017-03-25'),
 (176,NULL,'普桑','黑',NULL,NULL,'2017-12-06 08:12:13',NULL,NULL,NULL,'2022-03-25','2002-03-25',NULL,10,'2017-03-25',NULL,'辽BD2859',NULL,NULL,NULL,NULL,NULL,NULL,NULL,NULL,NULL,NULL,'2001-12-30',NULL,200,12,512,0,NULL,0,'2017-03-25'),
 (177,NULL,'普桑','黑',NULL,NULL,'2017-12-06 08:12:13',NULL,NULL,NULL,'2022-03-25','2002-03-25',NULL,10,'2017-03-25',NULL,'辽BD3356',NULL,NULL,NULL,NULL,NULL,NULL,NULL,NULL,NULL,NULL,'2001-12-25',NULL,200,12,512,0,NULL,0,'2017-03-25'),
 (179,NULL,'别克','白',NULL,NULL,'2017-12-06 08:12:13',NULL,NULL,NULL,'2020-05-31','2000-05-31',NULL,10,'2017-05-31',NULL,'辽BD7266',NULL,NULL,NULL,NULL,NULL,NULL,NULL,NULL,NULL,NULL,'2000-05-31',NULL,200,12,512,0,NULL,0,'2017-05-31'),
 (180,NULL,'雅格','黑',NULL,NULL,'2017-12-06 08:12:13',NULL,NULL,NULL,'2022-06-22','2002-06-20',NULL,10,'2017-06-22',NULL,'辽BD9360',NULL,NULL,NULL,NULL,NULL,NULL,NULL,NULL,NULL,NULL,'2002-06-20',NULL,200,12,512,0,NULL,0,'2017-06-22'),
 (181,NULL,'奥迪','黑',NULL,NULL,'2017-12-06 08:12:13',NULL,NULL,NULL,'2024-01-18','2004-01-18',NULL,10,'2017-01-18',NULL,'辽BDB998',NULL,NULL,NULL,NULL,NULL,NULL,NULL,NULL,NULL,NULL,'2004-01-18',NULL,200,12,512,0,NULL,0,'2017-01-18'),
 (182,NULL,'柯斯达','黄/白',NULL,NULL,'2017-12-06 08:12:13',NULL,NULL,NULL,'2030-08-18','2010-08-18',NULL,10,'2017-08-18',NULL,'辽BE4868',NULL,NULL,NULL,NULL,NULL,NULL,NULL,NULL,NULL,NULL,'2010-07-20',NULL,200,12,32,0,NULL,0,'2017-08-18'),
 (183,NULL,'江准','灰',NULL,NULL,'2017-12-06 08:12:13',NULL,NULL,NULL,'2027-10-19','2007-10-19',NULL,10,'2016-10-19',NULL,'辽BE4966',NULL,NULL,NULL,NULL,NULL,NULL,NULL,NULL,NULL,NULL,'2007-10-19',NULL,200,12,32,0,NULL,0,'2016-10-19'),
 (184,NULL,'雅阁','黑',NULL,NULL,'2017-12-06 08:12:13',NULL,NULL,NULL,'2024-12-16','2004-12-16',NULL,10,'2017-12-16',NULL,'辽BE7979',NULL,NULL,NULL,NULL,NULL,NULL,NULL,NULL,NULL,NULL,'2004-12-16',NULL,200,12,512,0,NULL,0,'2017-12-16'),
 (185,NULL,'雅阁','黑',NULL,NULL,'2017-12-06 08:12:13',NULL,NULL,NULL,'2024-08-10','2004-08-10',NULL,10,'2017-08-10',NULL,'辽BG5370',NULL,NULL,NULL,NULL,NULL,NULL,NULL,NULL,NULL,NULL,'2004-08-10',NULL,200,12,512,0,NULL,0,'2017-08-10'),
 (186,NULL,'别克','黑',NULL,NULL,'2017-12-06 08:12:13',NULL,NULL,NULL,'2024-09-03','2004-09-03',NULL,10,'2017-09-03',NULL,'辽BG5392',NULL,NULL,NULL,NULL,NULL,NULL,NULL,NULL,NULL,NULL,'2004-09-03',NULL,200,12,512,0,NULL,0,'2017-09-03'),
 (187,NULL,'奥迪','黑',NULL,NULL,'2017-12-06 08:12:13',NULL,NULL,NULL,'2027-10-09','2007-10-09',NULL,10,'2016-10-09',NULL,'辽BGF399',NULL,NULL,NULL,NULL,NULL,NULL,NULL,NULL,NULL,NULL,'2007-10-09',NULL,200,12,512,0,NULL,0,'2016-10-09'),
 (188,NULL,'汇众','白/蓝',NULL,NULL,'2017-12-06 08:12:13',NULL,NULL,NULL,'2028-02-21','2008-02-21',NULL,10,'2017-02-21',NULL,'辽BJ1682',NULL,NULL,NULL,NULL,NULL,NULL,NULL,NULL,NULL,NULL,'2008-02-21',NULL,200,12,32,0,NULL,0,'2017-02-21'),
 (189,NULL,'雅阁','黑',NULL,NULL,'2017-12-06 08:12:13',NULL,NULL,NULL,'2025-02-07','2005-02-07',NULL,10,'2017-02-07',NULL,'辽BK0789',NULL,NULL,NULL,NULL,NULL,NULL,NULL,NULL,NULL,NULL,'2005-02-07',NULL,200,12,512,0,NULL,0,'2017-02-07'),
 (190,NULL,'雅阁','黑',NULL,NULL,'2017-12-06 08:12:13',NULL,NULL,NULL,'2025-02-05','2005-02-05',NULL,10,'2017-02-05',NULL,'辽BK1836',NULL,NULL,NULL,NULL,NULL,NULL,NULL,NULL,NULL,NULL,'2005-02-05',NULL,200,12,512,0,NULL,0,'2017-02-05'),
 (191,NULL,'雅阁','黑',NULL,NULL,'2017-12-06 08:12:13',NULL,NULL,NULL,'2025-02-07','2005-02-06',NULL,10,'2017-02-07',NULL,'辽BK1837',NULL,NULL,NULL,NULL,NULL,NULL,NULL,NULL,NULL,NULL,'2005-02-06',NULL,200,12,512,0,NULL,0,'2017-02-07'),
 (192,NULL,'雅阁','黑',NULL,NULL,'2017-12-06 08:12:13',NULL,NULL,NULL,'2025-02-05','2005-02-05',NULL,10,'2017-02-05',NULL,'辽BK1838',NULL,NULL,NULL,NULL,NULL,NULL,NULL,NULL,NULL,NULL,'2005-02-05',NULL,200,12,512,0,NULL,0,'2017-02-05'),
 (193,NULL,'雅阁','黑',NULL,NULL,'2017-12-06 08:12:13',NULL,NULL,NULL,'2028-12-08','2008-12-08',NULL,10,'2016-12-08',NULL,'辽BLU351',NULL,NULL,NULL,NULL,NULL,NULL,NULL,NULL,NULL,NULL,'2008-12-08',NULL,200,12,512,0,NULL,0,'2016-12-08'),
 (194,NULL,'雅阁','黑',NULL,NULL,'2017-12-06 08:12:13',NULL,NULL,NULL,'2028-12-08','2008-12-08',NULL,10,'2016-12-08',NULL,'辽BLU883',NULL,NULL,NULL,NULL,NULL,NULL,NULL,NULL,NULL,NULL,'2008-12-08',NULL,200,12,512,0,NULL,0,'2016-12-08'),
 (195,NULL,'江准','灰',NULL,NULL,'2017-12-06 08:12:13',NULL,NULL,NULL,'2026-05-29','2006-05-29',NULL,10,'2017-05-29',NULL,'辽BQ1096',NULL,NULL,NULL,NULL,NULL,NULL,NULL,NULL,NULL,NULL,'2006-05-29',NULL,200,12,512,0,NULL,0,'2017-05-29'),
 (196,NULL,'雅阁','黑',NULL,NULL,'2017-12-06 08:12:13',NULL,NULL,NULL,'2027-06-08','2007-06-08',NULL,10,'2017-06-08',NULL,'辽BQG680',NULL,NULL,NULL,NULL,NULL,NULL,NULL,NULL,NULL,NULL,'2007-06-08',NULL,200,12,512,0,NULL,0,'2017-06-08'),
 (197,NULL,'丰田','黑',NULL,NULL,'2017-12-06 08:12:13',NULL,NULL,NULL,'2027-06-06','2007-06-06',NULL,10,'2017-06-06',NULL,'辽BQH678',NULL,NULL,NULL,NULL,NULL,NULL,NULL,NULL,NULL,NULL,'2007-06-06',NULL,200,12,512,0,NULL,0,'2017-06-06'),
 (198,NULL,'雅阁','黑',NULL,NULL,'2017-12-06 08:12:13',NULL,NULL,NULL,'2026-06-08','2006-06-08',NULL,10,'2017-06-08',NULL,'辽BS4D68',NULL,NULL,NULL,NULL,NULL,NULL,NULL,NULL,NULL,NULL,'2006-06-08',NULL,200,12,512,0,NULL,0,'2017-06-08'),
 (199,NULL,'金杯','黑',NULL,NULL,'2017-12-06 08:12:13',NULL,NULL,NULL,'2030-11-10','2010-11-10',NULL,10,'2016-11-10',NULL,'辽BSH993',NULL,NULL,NULL,NULL,NULL,NULL,NULL,NULL,NULL,NULL,'2010-11-10',NULL,200,12,512,0,NULL,0,'2016-11-10'),
 (200,NULL,'别克','黑',NULL,NULL,'2017-12-06 08:12:13',NULL,NULL,NULL,'2021-08-22','2001-08-22',NULL,10,'2017-07-22',NULL,'辽BUM682',NULL,NULL,NULL,NULL,NULL,NULL,NULL,NULL,NULL,NULL,'2001-08-22',NULL,200,12,512,0,NULL,0,'2017-08-22'),
 (201,NULL,'奥迪','黑',NULL,NULL,'2017-12-06 08:12:13',NULL,NULL,NULL,'2031-06-20','2011-06-20',NULL,10,'2017-06-20',NULL,'辽BUP699',NULL,NULL,NULL,NULL,NULL,NULL,NULL,NULL,NULL,NULL,'2011-06-20',NULL,200,12,512,0,NULL,0,'2017-06-20'),
 (202,NULL,'江铃','白','有',NULL,'2017-12-06 08:12:13',NULL,NULL,NULL,'2026-09-26','2011-09-26',NULL,42,'2016-09-29',NULL,'辽B52K95',NULL,NULL,NULL,NULL,NULL,NULL,NULL,NULL,NULL,NULL,'2011-09-26',NULL,200,12,0,131072,NULL,0,'2016-09-29'),
 (203,NULL,'普桑','绿',NULL,NULL,'2017-12-06 08:12:13',NULL,NULL,NULL,'2017-05-19','2009-05-19',NULL,42,'2016-11-19',NULL,'辽B02T49',NULL,NULL,NULL,NULL,NULL,NULL,NULL,NULL,NULL,NULL,'2009-05-19',NULL,200,12,0,65536,NULL,0,'2016-11-19'),
 (204,NULL,'江淮','蓝',NULL,NULL,'2017-12-06 08:12:13',NULL,NULL,'87121279','2019-11-16','2004-11-16',NULL,42,'2016-11-16',NULL,'辽B01750',NULL,NULL,NULL,NULL,NULL,NULL,NULL,NULL,NULL,NULL,'2004-11-16','大连红光机械厂',200,12,0,131072,NULL,0,'2016-11-16'),
 (205,NULL,'解放','蓝','有',NULL,'2017-12-06 08:12:13',NULL,NULL,'87121279','2028-03-20','2008-03-20',NULL,42,'2017-03-20',NULL,'辽BA6917',NULL,NULL,NULL,NULL,NULL,NULL,NULL,NULL,NULL,NULL,'2008-03-20','大连红日机械有限公司',200,12,2,131072,NULL,0,'2017-03-20'),
 (206,NULL,'汇众','白灰',NULL,NULL,'2017-12-06 08:12:13',NULL,NULL,'87600178','2027-01-09','2007-01-09',NULL,42,'2017-01-09',NULL,'辽BE9785',NULL,NULL,NULL,NULL,NULL,NULL,NULL,NULL,NULL,NULL,'2007-01-09','大连红日机械有限公司',200,12,256,0,NULL,0,'2017-01-09'),
 (207,NULL,'欧铃牌','白',NULL,NULL,'2017-12-06 08:12:13',NULL,NULL,NULL,'2025-09-14','2010-09-14',NULL,42,'2017-09-14',NULL,'辽BK2650',NULL,NULL,NULL,NULL,NULL,NULL,NULL,NULL,NULL,NULL,'2010-09-14',NULL,200,12,256,131072,NULL,0,'2017-09-14'),
 (208,NULL,'柯斯达','白灰',NULL,NULL,'2017-12-06 08:12:13',NULL,NULL,'13204080202','2021-09-17','2001-09-17',NULL,42,'2017-09-17',NULL,'辽Bl3629',NULL,NULL,NULL,NULL,NULL,NULL,NULL,NULL,NULL,NULL,'2001-09-17','大连新中海产食品有限公司',200,12,32,0,NULL,0,'2017-09-17'),
 (210,NULL,'解放','蓝',NULL,NULL,'2017-12-06 08:12:13',NULL,NULL,NULL,'2027-05-22','2007-05-22',NULL,20,'2017-05-21',NULL,'辽BA1980',NULL,NULL,NULL,NULL,NULL,NULL,NULL,NULL,NULL,NULL,'2007-03-01',NULL,200,12,0,0,NULL,0,'2017-05-31'),
 (211,NULL,'江铃','白',NULL,NULL,'2017-12-06 08:12:13',NULL,NULL,NULL,'2026-05-06','2011-05-06',NULL,20,'2017-05-06',NULL,'辽B8688C',NULL,NULL,NULL,NULL,NULL,NULL,NULL,NULL,NULL,NULL,'2011-03-30',NULL,200,12,0,131072,NULL,0,'2017-05-31'),
 (212,NULL,'金杯','灰',NULL,NULL,'2017-12-06 08:12:13',NULL,NULL,NULL,'2031-12-27','2011-12-27',NULL,20,'2016-12-08',NULL,'辽B6800D',NULL,NULL,NULL,NULL,NULL,NULL,NULL,NULL,NULL,NULL,'2011-12-17',NULL,200,12,0,0,NULL,0,'2016-12-31'),
 (213,NULL,'江铃','绿',NULL,NULL,'2017-12-06 08:12:13',NULL,NULL,NULL,'2026-12-29','2011-12-29',NULL,20,'2016-12-31',NULL,'辽B51K35',NULL,NULL,NULL,NULL,NULL,NULL,NULL,NULL,NULL,NULL,'2011-10-22',NULL,200,12,0,131072,NULL,0,'2016-12-31'),
 (214,NULL,'东南','灰',NULL,NULL,'2017-12-06 08:12:13',NULL,NULL,NULL,'2027-05-24','2007-05-24',NULL,20,'2016-05-22',NULL,'辽BC5607',NULL,NULL,NULL,'中型普通客车',NULL,NULL,NULL,NULL,NULL,NULL,'2007-03-24',NULL,200,12,0,0,NULL,0,'2017-05-31'),
 (215,NULL,'陆平机器','蓝灰','有',NULL,'2017-12-06 08:12:13',NULL,NULL,NULL,'2020-12-20','2010-12-20',NULL,19,'2015-12-10',NULL,'辽B9800A',NULL,NULL,NULL,NULL,NULL,NULL,NULL,NULL,NULL,NULL,'2010-11-09',NULL,200,12,4,262144,NULL,0,'2016-12-31'),
 (216,NULL,'江淮','蓝',NULL,NULL,'2017-12-06 08:12:13',NULL,NULL,NULL,'2030-05-14','2017-05-14',NULL,20,'2017-05-05',NULL,'辽BL2243',NULL,NULL,NULL,NULL,NULL,NULL,NULL,NULL,NULL,NULL,'2015-04-17',NULL,200,12,256,0,NULL,0,'2017-05-31'),
 (217,NULL,'金杯','白',NULL,NULL,'2017-12-06 08:12:13',NULL,NULL,NULL,'2034-12-02','2014-12-02',NULL,20,'2015-11-25',NULL,'辽BL0173',NULL,NULL,NULL,NULL,NULL,NULL,NULL,NULL,NULL,NULL,'2014-04-30',NULL,200,12,0,0,NULL,0,'2016-12-31'),
 (218,NULL,'大迪','绿',NULL,NULL,'2017-12-06 08:12:13',NULL,NULL,NULL,'2022-03-19','2007-03-19',NULL,20,'2017-03-19',NULL,'辽BEV198',NULL,NULL,NULL,NULL,NULL,NULL,NULL,NULL,NULL,NULL,'2007-02-15',NULL,200,12,0,131072,NULL,0,'2017-03-31'),
 (219,NULL,'江淮','白',NULL,NULL,'2017-12-06 08:12:13',NULL,NULL,NULL,'2030-05-13','2015-05-13',NULL,20,'2017-05-05',NULL,'辽BC2V36',NULL,NULL,NULL,NULL,NULL,NULL,NULL,NULL,NULL,NULL,'2014-11-13',NULL,200,12,0,0,NULL,0,'2017-05-31'),
 (220,NULL,'陆平机器','白','有',NULL,'2017-12-06 08:12:13',NULL,NULL,NULL,'2026-04-14','2011-04-14',NULL,22,'2016-04-11',NULL,'辽BJ2072',NULL,NULL,NULL,NULL,NULL,NULL,NULL,NULL,NULL,NULL,'2011-04-06',NULL,200,12,4,262144,NULL,0,'2017-04-30'),
 (221,NULL,'陆平机器','白','有',NULL,'2017-12-06 08:12:13',NULL,NULL,NULL,'2026-04-14','2011-04-11',NULL,22,'2016-04-11',NULL,'辽BJ2071',NULL,NULL,NULL,NULL,NULL,NULL,NULL,NULL,NULL,NULL,'2011-04-06',NULL,200,12,4,262144,NULL,0,'2017-04-30'),
 (222,NULL,'陆平机器','蓝灰','有',NULL,'2017-12-06 08:12:13',NULL,NULL,NULL,'2020-12-20','2010-12-20',NULL,22,'2015-12-10',NULL,'辽B9802A',NULL,NULL,NULL,NULL,NULL,NULL,NULL,NULL,NULL,NULL,'2010-11-09',NULL,200,12,4,262144,NULL,0,'2016-12-31'),
 (223,NULL,'陆平机器','蓝灰','有',NULL,'2017-12-06 08:12:13',NULL,NULL,NULL,'2020-12-20','2010-12-20',NULL,22,'2015-12-10',NULL,'辽B9801A',NULL,NULL,NULL,NULL,NULL,NULL,NULL,NULL,NULL,NULL,'2010-11-09',NULL,200,12,4,262144,NULL,0,'2016-12-31'),
 (224,NULL,'陆平机器','白灰','有',NULL,'2017-12-06 08:12:13',NULL,NULL,NULL,'2022-07-13','2012-07-13',NULL,22,'2016-07-14',NULL,'辽BJ9250',NULL,NULL,NULL,NULL,NULL,NULL,NULL,NULL,NULL,NULL,'2012-06-14',NULL,200,12,4,262144,NULL,0,'2017-07-31'),
 (225,NULL,NULL,'白','有',NULL,'2017-12-06 08:12:13',NULL,NULL,NULL,'2027-03-31','2012-03-04',NULL,21,'2017-03-01',NULL,'辽B J7801',NULL,NULL,NULL,'重型运输车牵引车',NULL,NULL,NULL,NULL,NULL,NULL,'2012-03-04',NULL,200,12,2,131072,NULL,0,'2017-03-01'),
 (226,NULL,NULL,'白','有',NULL,'2017-12-06 08:12:13',NULL,NULL,NULL,'2027-03-31','2012-03-01',NULL,21,'2017-03-01',NULL,'辽B J7847',NULL,NULL,NULL,NULL,NULL,NULL,NULL,NULL,NULL,NULL,'2012-03-01',NULL,200,12,2,131072,NULL,0,'2017-03-01'),
 (227,NULL,'解放','白','有',NULL,'2017-12-06 08:12:13',NULL,NULL,NULL,'2027-03-01','2012-03-01',NULL,21,'2017-03-01',NULL,'辽B J7846',NULL,NULL,NULL,NULL,NULL,NULL,NULL,NULL,NULL,NULL,'2012-03-01',NULL,200,12,2,131072,NULL,0,'2017-03-01'),
 (228,NULL,'解放','白','有',NULL,'2017-12-06 08:12:13',NULL,NULL,NULL,'2027-03-01','2012-03-01',NULL,21,'2017-03-01',NULL,'辽B J7836',NULL,NULL,NULL,NULL,NULL,NULL,NULL,NULL,NULL,NULL,'2012-03-01',NULL,200,12,2,131072,NULL,0,'2017-03-01'),
 (229,NULL,'解放','白','有',NULL,'2017-12-06 08:12:13',NULL,NULL,NULL,'2027-06-01','2012-06-01',NULL,21,'2017-06-01',NULL,'辽B J9076',NULL,NULL,NULL,NULL,NULL,NULL,NULL,NULL,NULL,NULL,'2012-06-01',NULL,200,12,2,131072,NULL,0,'2017-06-01'),
 (230,NULL,'解放','白','有',NULL,'2017-12-06 08:12:13',NULL,NULL,'87598828','2027-06-01','2012-06-01',NULL,21,'2017-06-01',NULL,'辽B J9053',NULL,NULL,NULL,NULL,NULL,NULL,NULL,NULL,NULL,NULL,'2012-06-01',NULL,200,12,2,131072,NULL,0,'2017-06-01'),
 (231,NULL,'解放','白','有',NULL,'2017-12-06 08:12:13',NULL,NULL,'87598828','2027-06-01','2012-06-01',NULL,21,'2017-06-01',NULL,'辽B J9066',NULL,NULL,NULL,NULL,NULL,NULL,NULL,NULL,NULL,NULL,'2012-06-01',NULL,200,12,2,131072,NULL,0,'2017-06-01'),
 (232,NULL,'解放','白','有',NULL,'2017-12-06 08:12:13',NULL,NULL,NULL,'2027-06-01','2012-06-01',NULL,21,'2017-06-01',NULL,'辽B J9080',NULL,NULL,NULL,NULL,NULL,NULL,NULL,NULL,NULL,NULL,'2012-06-01',NULL,200,12,2,131072,NULL,0,'2017-06-01'),
 (233,NULL,'解放','白','有',NULL,'2017-12-06 08:12:13',NULL,NULL,NULL,'2028-01-01','2013-01-01',NULL,21,'2017-01-01',NULL,'辽B K1263',NULL,NULL,NULL,NULL,NULL,NULL,NULL,NULL,NULL,NULL,'2013-01-01',NULL,200,12,2,131072,NULL,0,'2017-01-01'),
 (234,NULL,'解放','白','有',NULL,'2017-12-06 08:12:13',NULL,NULL,'87598828','2028-01-01','2013-01-01',NULL,21,'2017-01-01',NULL,'辽BK1271',NULL,NULL,NULL,NULL,NULL,NULL,NULL,NULL,NULL,NULL,'2013-01-01',NULL,200,12,2,131072,NULL,0,'2017-01-01'),
 (267,NULL,'陆平机器','白灰','有',NULL,'2017-12-06 08:12:13',NULL,NULL,NULL,'2021-10-25','2011-10-25',NULL,22,'2016-09-22',NULL,'辽BJ5600',NULL,NULL,NULL,NULL,NULL,NULL,NULL,NULL,NULL,NULL,'2011-10-17',NULL,200,12,4,262144,NULL,0,'2016-10-31'),
 (268,NULL,'陆平机器','白灰','有',NULL,'2017-12-06 08:12:13',NULL,NULL,NULL,'2021-10-25','2011-10-25',NULL,22,'2015-10-19',NULL,'辽BJ5597',NULL,NULL,NULL,NULL,NULL,NULL,NULL,NULL,NULL,NULL,'2011-10-17',NULL,200,12,4,262144,NULL,0,'2016-10-31'),
 (269,NULL,'陆平机器','白灰','有',NULL,'2017-12-06 08:12:13',NULL,NULL,NULL,'2021-05-23','2011-05-23',NULL,22,'2016-05-20',NULL,'辽BJ3101',NULL,NULL,NULL,NULL,NULL,NULL,NULL,NULL,NULL,NULL,'2011-05-10',NULL,200,12,4,262144,NULL,0,'2017-05-31');
INSERT INTO `AspNetUsers` (Id,AccessFailedCount,Company,ConcurrencyStamp,Depart,DistrictId,Email,EmailConfirmed,GroupId,LockoutEnabled,LockoutEnd,NormalizedEmail,NormalizedUserName,PasswordHash,PhoneNumber,PhoneNumberConfirmed,RealName,SecurityStamp,Serial,Title,TownId,TwoFactorEnabled,UserName) VALUES ('b0b8264c-f6a2-494e-9380-bdd5ab9b0809',0,NULL,'6b64dc90-d4f9-4f8a-9cc1-adef77588b47',NULL,NULL,'admin@admin.com',0,NULL,1,NULL,'ADMIN@ADMIN.COM','ADMIN','AQAAAAEAACcQAAAAEKsLRCzqZpXeDk2HXOGJwvWOX9cTZ4/6f76UQoll52oAj7MP9FhQpasUIwrlfg5Drg==',NULL,0,NULL,'145f32ed-e72a-40d7-9f78-21b3a68719fa',NULL,NULL,NULL,0,'admin'),
 ('fb706408-161c-4440-96d2-096fdf8701f3',0,NULL,'b141d30f-143f-4362-bd2d-20cd72746be6',NULL,NULL,'gjz@gjz.com',0,NULL,1,NULL,'GJZ@GJZ.COM','GJZ','AQAAAAEAACcQAAAAEDE0f4KMHoYmTzLfCWr5OIU0+3IZHB8gAr8sziUSAxBg5890hUMbpbHnzylhUkKCZg==',NULL,0,NULL,'b47d3897-18e3-4553-bbb1-de904614dd8b',NULL,NULL,NULL,0,'gjz'),
 ('75cf747e-c2ff-4cc4-bc7f-0a4d25f04daa',0,NULL,'be458c18-a498-4fd9-897b-e75b692bd6d4',NULL,NULL,'zsz@zsz.com',0,NULL,1,NULL,'ZSZ@ZSZ.COM','ZSZ','AQAAAAEAACcQAAAAEFgofqxZhQM8jEEDtZXj6NrwrF0BJiGxNGuDMNkKsHFeXZYE/ItjP/muQJk2ZIbf6A==',NULL,0,NULL,'7c65cec6-d60c-4dd0-b440-c1c9b73431c4',NULL,NULL,1,0,'zsz'),
 ('4771fdc4-7c5f-4be5-963c-643c89a26a48',0,NULL,'fab6b488-052a-4e96-8bd2-ece8c2611da9',NULL,NULL,'dlw@dlw.com',0,NULL,1,NULL,'DLW@DLW.COM','DLW','AQAAAAEAACcQAAAAEDhtvwOGghLZy0QjRIx916nbnolugfpZ+XcsHak2riC/PAowQ/ftBhJgOvBcR3qQIg==',NULL,0,NULL,'933d8954-7f56-47ac-aeb5-803dac4498e9',NULL,NULL,12,0,'dlw'),
 ('90382fb3-f09e-45a4-85c9-7202a155041b',0,NULL,'2a052e40-48fc-45d2-8772-bafe11539bbb',NULL,NULL,'shentong@shentong.com',0,1,1,NULL,'SHENTONG@SHENTONG.COM','SHENTONG','AQAAAAEAACcQAAAAEHipsWk8I1YfzkPJaVEeI/ulCKvAT+TSRbTXtw/9e6BP2Wl2j/uNPAohkYfPHZiIJw==',NULL,0,NULL,'1d5d4117-a2af-4862-b202-04bdda8ad03a',NULL,NULL,12,0,'shentong');
INSERT INTO `AspNetUserTokens` (UserId,LoginProvider,Name,Value) VALUES ('b0b8264c-f6a2-494e-9380-bdd5ab9b0809','[AspNetUserStore]','AuthenticatorKey','6XHXZ4KTK3WYJEJKUHMR4E36PA4LOKCD');
INSERT INTO `AspNetUserRoles` (UserId,RoleId) VALUES ('b0b8264c-f6a2-494e-9380-bdd5ab9b0809','a288875b-1107-46f7-98a1-38127f183132'),
 ('fb706408-161c-4440-96d2-096fdf8701f3','088cf214-89a1-46b0-8bca-4f15facdf17e'),
 ('75cf747e-c2ff-4cc4-bc7f-0a4d25f04daa','08fe1a00-2dd1-4393-b73b-2f9999b4e165'),
 ('4771fdc4-7c5f-4be5-963c-643c89a26a48','08fe1a00-2dd1-4393-b73b-2f9999b4e165'),
 ('90382fb3-f09e-45a4-85c9-7202a155041b','f97bf050-d225-438c-8d0a-f201692c439f');

COMMIT;
