BEGIN TRANSACTION;
INSERT INTO `__EFMigrationsHistory` (MigrationId,ProductVersion) VALUES ('20171206074617_revised0005','2.0.1-rtm-125');
INSERT INTO `Vehicles` (Id,Agent,Brand,Color,Comment,CreateBy,CreationDate,DriverId,DriverName,DriverTel,DumpDate,FirstRegisterDate,GpsEnabled,GroupId,InsuranceExpiredDate,LastRegisterDate,LicenceNumber,Metadata,ModificationDate,ModifyBy,Name,PhotoAudit,PhotoFront,PhotoGps,PhotoInsuarance,PhotoLicense,PhotoRear,ProductionDate,RealOwner,Status,TownId,Type,Usage,VehicleStatus,VersionNumber,YearlyAuditDate) VALUES (1,NULL,'本田','黑',NULL,NULL,NULL,1,NULL,NULL,NULL,NULL,NULL,1,NULL,'2015-01-01 00:00:00','辽BB1123',NULL,NULL,NULL,'不知C4',NULL,NULL,NULL,NULL,NULL,NULL,'2001-01-01 00:00:00',NULL,0,NULL,1,0,NULL,0,NULL),
 (2,NULL,'本田','红',NULL,NULL,NULL,2,NULL,NULL,NULL,NULL,NULL,1,NULL,'2016-01-01 00:00:00','辽BB1X23',NULL,NULL,NULL,'高级C4',NULL,NULL,NULL,NULL,NULL,NULL,'2001-01-01 00:00:00',NULL,0,NULL,2,0,NULL,0,NULL),
 (3,NULL,'本田','黄',NULL,NULL,NULL,3,NULL,NULL,NULL,NULL,NULL,1,NULL,'2017-01-01 00:00:00','辽BB2T23',NULL,NULL,NULL,'不知C4',NULL,NULL,NULL,NULL,NULL,NULL,'2001-01-01 00:00:00',NULL,0,NULL,256,0,NULL,0,NULL),
 (4,NULL,'本田','蓝',NULL,NULL,NULL,4,NULL,NULL,NULL,NULL,NULL,1,NULL,'2017-01-01 00:00:00','辽BB8763',NULL,NULL,NULL,'不知C4',NULL,NULL,NULL,NULL,NULL,NULL,'2001-01-01 00:00:00',NULL,0,NULL,2,0,NULL,0,NULL),
 (5,NULL,'现代','绿',NULL,NULL,NULL,5,NULL,NULL,NULL,NULL,NULL,1,NULL,'2016-01-01 00:00:00','辽BBAF23',NULL,NULL,NULL,'不知C4',NULL,NULL,NULL,NULL,NULL,NULL,'2001-01-01 00:00:00',NULL,0,NULL,16,0,NULL,0,NULL),
 (6,NULL,'五菱','黑',NULL,NULL,NULL,1,NULL,NULL,NULL,NULL,NULL,1,NULL,'2017-01-01 00:00:00','辽BB1444',NULL,NULL,NULL,'火舞C4',NULL,NULL,NULL,NULL,NULL,NULL,'2001-01-01 00:00:00',NULL,0,NULL,32,0,NULL,0,NULL),
 (7,NULL,'本田','黑',NULL,NULL,NULL,2,NULL,NULL,NULL,NULL,NULL,1,NULL,'2016-01-01 00:00:00','辽BB17U3',NULL,NULL,NULL,'不知C4',NULL,NULL,NULL,NULL,NULL,NULL,'2001-01-01 00:00:00',NULL,0,NULL,512,0,NULL,0,NULL),
 (8,NULL,'本田','黑',NULL,NULL,NULL,3,NULL,NULL,NULL,NULL,NULL,1,NULL,'2014-01-01 00:00:00','辽BB1M88',NULL,NULL,NULL,'不知C4',NULL,NULL,NULL,NULL,NULL,NULL,'2001-01-01 00:00:00',NULL,0,NULL,4,0,NULL,0,NULL),
 (9,NULL,'本田','黑',NULL,NULL,NULL,4,NULL,NULL,NULL,NULL,NULL,1,NULL,'2017-01-01 00:00:00','辽BB1T99',NULL,NULL,NULL,'火舞C4',NULL,NULL,NULL,NULL,NULL,NULL,'2001-01-01 00:00:00',NULL,0,NULL,2,0,NULL,0,NULL),
 (10,NULL,'本田','黑',NULL,NULL,NULL,5,NULL,NULL,NULL,NULL,NULL,1,NULL,'2016-01-01 00:00:00','辽BB1225',NULL,NULL,NULL,'高级C4',NULL,NULL,NULL,NULL,NULL,NULL,'2001-01-01 00:00:00',NULL,0,NULL,1,0,NULL,0,NULL),
 (11,NULL,'五菱','蓝',NULL,NULL,NULL,1,NULL,NULL,NULL,NULL,NULL,1,NULL,'2017-02-01 00:00:00','辽BB22B4',NULL,NULL,NULL,'火舞C4',NULL,NULL,NULL,NULL,NULL,NULL,'2001-01-01 00:00:00',NULL,0,NULL,32,0,NULL,0,NULL),
 (12,NULL,'五菱','蓝',NULL,NULL,NULL,1,NULL,NULL,NULL,NULL,NULL,2,NULL,'2017-03-01 00:00:00','辽BB33N4',NULL,NULL,NULL,'不知C4',NULL,NULL,NULL,NULL,NULL,NULL,'2001-01-01 00:00:00',NULL,0,NULL,4,0,NULL,0,NULL),
 (13,NULL,'五菱','蓝',NULL,NULL,NULL,1,NULL,NULL,NULL,NULL,NULL,2,NULL,'2015-04-01 00:00:00','辽BB4T44',NULL,NULL,NULL,'火舞C4',NULL,NULL,NULL,NULL,NULL,NULL,'2001-01-01 00:00:00',NULL,0,NULL,16,0,NULL,0,NULL),
 (14,NULL,'五菱','黑',NULL,NULL,NULL,1,NULL,NULL,NULL,NULL,NULL,2,NULL,'2016-05-01 00:00:00','辽BB5G44',NULL,NULL,NULL,'不知C4',NULL,NULL,NULL,NULL,NULL,NULL,'2001-01-01 00:00:00',NULL,0,NULL,32,0,NULL,0,NULL),
 (15,NULL,'五菱','黑',NULL,NULL,NULL,1,NULL,NULL,NULL,NULL,NULL,2,NULL,'2017-06-01 00:00:00','辽BB1A44',NULL,NULL,NULL,'不知C4',NULL,NULL,NULL,NULL,NULL,NULL,'2001-01-01 00:00:00',NULL,0,NULL,16,0,NULL,0,NULL),
 (16,NULL,'江淮','蓝',NULL,'4771fdc4-7c5f-4be5-963c-643c89a26a48','2017-12-05 00:43:30.7607232',15,NULL,NULL,'2030-05-14 00:00:00',NULL,0,20,'2017-05-05 00:00:00','2017-05-14 00:00:00','辽BL2243',NULL,'2017-12-06 10:23:06.0417752','4771fdc4-7c5f-4be5-963c-643c89a26a48',NULL,'','',NULL,'',NULL,'','2015-04-17 00:00:00',NULL,200,12,256,0,NULL,5,'2017-05-31 00:00:00'),
 (17,NULL,'金杯','白',NULL,'4771fdc4-7c5f-4be5-963c-643c89a26a48','2017-12-05 00:52:34.8732513',14,NULL,NULL,'2034-12-02 00:00:00',NULL,0,20,'2015-11-25 00:00:00','2014-12-02 00:00:00','辽BL0173',NULL,'2017-12-06 10:24:46.7217251','4771fdc4-7c5f-4be5-963c-643c89a26a48',NULL,'','',NULL,'',NULL,'','2014-04-30 00:00:00',NULL,200,12,0,0,NULL,1,'2016-12-31 00:00:00'),
 (18,NULL,'大迪','绿',NULL,'4771fdc4-7c5f-4be5-963c-643c89a26a48','2017-12-05 00:55:20.1239171',NULL,NULL,NULL,'2022-03-19 00:00:00',NULL,NULL,20,'2017-03-19 00:00:00','2007-03-19 00:00:00','辽BEV198',NULL,NULL,NULL,NULL,'','',NULL,'',NULL,'','2007-02-15 00:00:00',NULL,200,12,0,131072,NULL,0,'2017-03-31 00:00:00'),
 (19,NULL,'江淮','白',NULL,'4771fdc4-7c5f-4be5-963c-643c89a26a48','2017-12-05 00:57:29.4986817',NULL,NULL,NULL,'2030-05-13 00:00:00',NULL,NULL,20,'2017-05-05 00:00:00','2015-05-13 00:00:00','辽BC2V36',NULL,NULL,NULL,NULL,'','',NULL,'',NULL,'','2014-11-13 00:00:00',NULL,200,12,0,0,NULL,0,'2017-05-31 00:00:00'),
 (20,NULL,'解放','蓝',NULL,'4771fdc4-7c5f-4be5-963c-643c89a26a48','2017-12-05 00:59:42.7531256',NULL,NULL,NULL,'2027-05-22 00:00:00',NULL,NULL,20,'2017-05-21 00:00:00','2007-05-22 00:00:00','辽BA1980',NULL,NULL,NULL,NULL,'','',NULL,'',NULL,'','2007-03-01 00:00:00',NULL,200,12,0,0,NULL,0,'2017-05-31 00:00:00'),
 (21,NULL,'江铃','白',NULL,'4771fdc4-7c5f-4be5-963c-643c89a26a48','2017-12-05 01:00:28.6576621',NULL,NULL,NULL,'2026-05-06 00:00:00',NULL,NULL,20,'2017-05-06 00:00:00','2017-05-06 00:00:00','辽B8688C',NULL,NULL,NULL,NULL,'','',NULL,'',NULL,'','2011-03-30 00:00:00',NULL,200,12,0,131072,NULL,0,'2017-05-31 00:00:00'),
 (22,NULL,'金杯','灰',NULL,'4771fdc4-7c5f-4be5-963c-643c89a26a48','2017-12-05 01:01:16.2225436',NULL,NULL,NULL,'2031-12-27 00:00:00',NULL,NULL,20,'2016-12-08 00:00:00','2011-12-27 00:00:00','辽B6800D',NULL,NULL,NULL,NULL,'','',NULL,'',NULL,'','2011-12-17 00:00:00',NULL,200,12,0,0,NULL,0,'2016-12-31 00:00:00'),
 (23,NULL,'江铃','绿',NULL,'4771fdc4-7c5f-4be5-963c-643c89a26a48','2017-12-05 01:01:59.2104485',NULL,NULL,NULL,'2026-12-29 00:00:00',NULL,NULL,20,'2016-12-31 00:00:00','2011-12-29 00:00:00','辽B51K35',NULL,NULL,NULL,NULL,'','',NULL,'',NULL,'','2011-10-22 00:00:00',NULL,200,12,0,131072,NULL,0,'2016-12-31 00:00:00'),
 (24,NULL,'东南','灰',NULL,'4771fdc4-7c5f-4be5-963c-643c89a26a48','2017-12-05 01:02:42.8129545',NULL,NULL,NULL,'2027-05-24 00:00:00',NULL,NULL,20,'2016-05-22 00:00:00','2007-05-24 00:00:00','辽BC5607',NULL,NULL,NULL,'中型普通客车','','',NULL,'',NULL,'','2007-03-24 00:00:00',NULL,200,12,0,0,NULL,0,'2017-05-31 00:00:00'),
 (25,NULL,'陆平机器','蓝灰','3g','4771fdc4-7c5f-4be5-963c-643c89a26a48','2017-12-05 01:04:21.7297498',NULL,NULL,NULL,'2020-12-20 00:00:00',NULL,NULL,22,'2015-12-10 00:00:00','2010-12-20 00:00:00','辽B9800A',NULL,'2017-12-05 01:24:14.0556143','4771fdc4-7c5f-4be5-963c-643c89a26a48',NULL,'','',NULL,'',NULL,'','2010-11-09 00:00:00',NULL,200,12,4,262144,NULL,2,'2016-12-31 00:00:00'),
 (26,NULL,'陆平机器','白灰','3g','4771fdc4-7c5f-4be5-963c-643c89a26a48','2017-12-05 01:05:34.6003934',NULL,NULL,NULL,'2021-10-25 00:00:00',NULL,NULL,22,'2016-09-22 00:00:00','2011-10-25 00:00:00','辽BJ5600',NULL,NULL,NULL,NULL,'','',NULL,'',NULL,'','2011-10-17 00:00:00',NULL,200,12,4,262144,NULL,0,'2016-10-31 00:00:00'),
 (27,NULL,'陆平机器','白灰','3g','4771fdc4-7c5f-4be5-963c-643c89a26a48','2017-12-05 01:06:24.5632953',NULL,NULL,NULL,'2021-10-25 00:00:00',NULL,NULL,22,'2015-10-19 00:00:00','2011-10-25 00:00:00','辽BJ5597',NULL,NULL,NULL,NULL,'','',NULL,'',NULL,'','2011-10-17 00:00:00',NULL,200,12,4,262144,NULL,0,'2016-10-31 00:00:00'),
 (28,NULL,'陆平机器','白灰','3g','4771fdc4-7c5f-4be5-963c-643c89a26a48','2017-12-05 01:11:06.9996189',NULL,NULL,NULL,'2021-05-23 00:00:00',NULL,NULL,22,'2016-05-20 00:00:00','2011-05-23 00:00:00','辽BJ3101',NULL,NULL,NULL,NULL,'','',NULL,'',NULL,'','2011-05-10 00:00:00',NULL,200,12,4,262144,NULL,0,'2017-05-31 00:00:00'),
 (29,NULL,'陆平机器','白','3g','4771fdc4-7c5f-4be5-963c-643c89a26a48','2017-12-05 01:11:55.1839666',NULL,NULL,NULL,'2026-04-14 00:00:00',NULL,NULL,22,'2016-04-11 00:00:00','2011-04-14 00:00:00','辽BJ2072',NULL,NULL,NULL,NULL,'','',NULL,'',NULL,'','2011-04-06 00:00:00',NULL,200,12,4,262144,NULL,0,'2017-04-30 00:00:00'),
 (30,NULL,'陆平机器','白','3g','4771fdc4-7c5f-4be5-963c-643c89a26a48','2017-12-05 01:12:47.1311551',NULL,NULL,NULL,'2026-04-14 00:00:00',NULL,NULL,22,'2016-04-11 00:00:00','2011-04-11 00:00:00','辽BJ2071',NULL,NULL,NULL,NULL,'','',NULL,'',NULL,'','2011-04-06 00:00:00',NULL,200,12,4,262144,NULL,0,'2017-12-30 00:00:00'),
 (31,NULL,'陆平机器','蓝灰','3g','4771fdc4-7c5f-4be5-963c-643c89a26a48','2017-12-05 01:22:14.9778655',NULL,NULL,NULL,'2020-12-20 00:00:00',NULL,NULL,22,'2015-12-10 00:00:00','2010-12-20 00:00:00','辽B9802A',NULL,NULL,NULL,NULL,'','',NULL,'',NULL,'','2010-11-09 00:00:00',NULL,200,12,4,262144,NULL,0,'2016-12-30 00:00:00'),
 (32,NULL,'陆平机器','蓝灰','3g','4771fdc4-7c5f-4be5-963c-643c89a26a48','2017-12-05 01:22:57.2681428',NULL,NULL,NULL,'2020-12-20 00:00:00',NULL,NULL,22,'2015-12-10 00:00:00','2010-12-20 00:00:00','辽B9801A',NULL,NULL,NULL,NULL,'','',NULL,'',NULL,'','2010-11-09 00:00:00',NULL,200,12,4,262144,NULL,0,'2016-12-31 00:00:00'),
 (33,NULL,'陆平机器','白灰','3g','4771fdc4-7c5f-4be5-963c-643c89a26a48','2017-12-05 01:23:49.1270142',NULL,NULL,NULL,'2022-07-13 00:00:00',NULL,NULL,22,'2016-07-14 00:00:00','2012-07-13 00:00:00','辽BJ9250',NULL,NULL,NULL,NULL,'','',NULL,'',NULL,'','2012-06-14 00:00:00',NULL,200,12,4,262144,NULL,0,'2017-07-31 00:00:00'),
 (34,NULL,NULL,'白','3g','4771fdc4-7c5f-4be5-963c-643c89a26a48','2017-12-05 01:34:48.1979044',NULL,NULL,NULL,NULL,NULL,NULL,21,NULL,NULL,'辽BJ7801',NULL,NULL,NULL,NULL,'','',NULL,'',NULL,'',NULL,NULL,200,NULL,2,131072,NULL,0,NULL);
INSERT INTO `Towns` (Id,Address,Code,CreateBy,CreationDate,DirstrictId,Metadata,ModificationDate,ModifyBy,Name,Status,VersionNumber) VALUES (1,'周水子街道',1,NULL,NULL,1,NULL,NULL,NULL,'周水子街道',0,0),
 (2,'椒金山街道',2,NULL,NULL,1,NULL,NULL,NULL,'椒金山街道',0,0),
 (3,'甘井子街道',3,NULL,NULL,1,NULL,NULL,NULL,'甘井子街道',0,0),
 (4,'南关岭街道',4,NULL,NULL,1,NULL,NULL,NULL,'南关岭街道',0,0),
 (5,'泡崖街道',5,NULL,NULL,1,NULL,NULL,NULL,'泡崖街道',0,0),
 (6,'中华路街道',6,NULL,NULL,1,NULL,NULL,NULL,'中华路街道',0,0),
 (7,'兴华街道',7,NULL,NULL,1,NULL,NULL,NULL,'兴华街道',0,0),
 (8,'机场街道',8,NULL,NULL,1,NULL,NULL,NULL,'机场街道',0,0),
 (9,'辛寨子街道',9,NULL,NULL,1,NULL,NULL,NULL,'辛寨子街道',0,0),
 (10,'红旗街道',10,NULL,NULL,1,NULL,NULL,NULL,'红旗街道',0,0),
 (11,'凌水街道',11,NULL,NULL,1,NULL,NULL,NULL,'凌水街道',0,0),
 (12,'大连湾街道',12,NULL,NULL,1,NULL,NULL,NULL,'大连湾街道',0,0),
 (13,'泉水街道',13,NULL,NULL,1,NULL,NULL,NULL,'泉水街道',0,0),
 (14,'革镇堡街道',14,NULL,NULL,1,NULL,NULL,NULL,'革镇堡街道',0,0),
 (15,'营城子街道',15,NULL,NULL,1,NULL,NULL,NULL,'营城子街道',0,0),
 (16,'七贤岭街道',16,NULL,NULL,1,NULL,NULL,NULL,'七贤岭街道',0,0),
 (17,'大连华侨果树农场',17,NULL,NULL,1,NULL,NULL,NULL,'大连华侨果树农场',0,0),
 (18,'其它街道',18,NULL,NULL,1,NULL,NULL,NULL,'其它街道',0,0);
INSERT INTO `Newses` (Id,Content,CreateBy,CreationDate,Excerpt,ExpireDate,HasDateRange,Metadata,ModificationDate,ModifyBy,Name,Order,PublishDate,Source,Status,Title,VersionNumber) VALUES (1,'你这有杂音我听不清楚',NULL,NULL,NULL,NULL,NULL,NULL,NULL,NULL,'你这有杂音我听不清楚',0,'0001-01-01 00:00:00',NULL,0,'你这有杂音我听不清楚',0),
 (2,'55你这有杂音我听不清楚',NULL,NULL,NULL,NULL,NULL,NULL,NULL,NULL,'55你这有杂音我听不清楚',0,'0001-01-01 00:00:00',NULL,0,'你这有杂音我听不清楚',0),
 (3,'44你这有杂音我听不清楚',NULL,NULL,NULL,NULL,NULL,NULL,NULL,NULL,'44你这有杂音我听不清楚',0,'0001-01-01 00:00:00',NULL,0,'你这有杂音我听不清楚',0),
 (4,'33你这有杂音我听不清楚',NULL,NULL,NULL,NULL,NULL,NULL,NULL,NULL,'33你这有杂音我听不清楚',0,'0001-01-01 00:00:00',NULL,0,'你这有杂音我听不清楚',0),
 (5,'22你这有杂音我听不清楚',NULL,NULL,NULL,NULL,NULL,NULL,NULL,NULL,'22你这有杂音我听不清楚',0,'0001-01-01 00:00:00',NULL,0,'你这有杂音我听不清楚',0),
 (6,'11你这有杂音我听不清楚',NULL,NULL,NULL,NULL,NULL,NULL,NULL,NULL,'11你这有杂音我听不清楚',0,'0001-01-01 00:00:00',NULL,0,'你这有杂音我听不清楚',0),
 (7,'在大连市的哪条路？甘井子革镇堡。',NULL,NULL,NULL,NULL,NULL,NULL,NULL,NULL,'在大连市的哪条路？甘井子革镇堡。',0,'0001-01-01 00:00:00',NULL,0,'在大连市的哪条路？甘井子革镇堡。',0),
 (8,'是在辽宁省的大连市是吗？',NULL,NULL,NULL,NULL,NULL,NULL,NULL,NULL,'是在辽宁省的大连市是吗？',0,'0001-01-01 00:00:00',NULL,0,'是在辽宁省的大连市是吗？',0),
 (9,'是在哪里出的事情是在大连嘛',NULL,NULL,NULL,NULL,NULL,NULL,NULL,NULL,'是在哪里出的事情是在大连嘛',0,'0001-01-01 00:00:00',NULL,0,'是在哪里出的事情是在大连嘛',0),
 (10,'半个小时是嘛就五十分钟',NULL,NULL,NULL,NULL,NULL,NULL,NULL,NULL,'半个小时是嘛就五十分钟',0,'0001-01-01 00:00:00',NULL,0,'半个小时是嘛就五十分钟',0),
 (11,'大概有几分钟啦就刚刚的事',NULL,NULL,NULL,NULL,NULL,NULL,NULL,NULL,'大概有几分钟啦就刚刚的事',0,'0001-01-01 00:00:00',NULL,0,'大概有几分钟啦就刚刚的事',0),
 (12,'刚刚时间刚刚出的',NULL,NULL,NULL,NULL,NULL,NULL,NULL,NULL,'刚刚时间刚刚出的',0,'0001-01-01 00:00:00',NULL,0,'刚刚时间刚刚出的',0),
 (13,'先生你好什么时间出的事情',NULL,NULL,NULL,NULL,NULL,NULL,NULL,NULL,'先生你好什么时间出的事情',0,'0001-01-01 00:00:00',NULL,0,'先生你好什么时间出的事情',0),
 (14,'您的车辆出险了现在要报案是吗',NULL,NULL,NULL,NULL,NULL,NULL,NULL,NULL,'您的车辆出险了现在要报案是吗',0,'0001-01-01 00:00:00',NULL,0,'您的车辆出险了现在要报案是吗',0),
 (15,'在道边上底下大梁磕道牙上了',NULL,NULL,NULL,NULL,NULL,NULL,NULL,NULL,'在道边上底下大梁磕道牙上了',0,'0001-01-01 00:00:00',NULL,0,'在道边上底下大梁磕道牙上了',0),
 (16,'我刚才刚买的车在那个',NULL,NULL,NULL,NULL,NULL,NULL,NULL,NULL,'我刚才刚买的车在那个',0,'0001-01-01 00:00:00',NULL,0,'我刚才刚买的车在那个',0),
 (17,'66你这有杂音我听不清楚',NULL,NULL,NULL,NULL,NULL,NULL,NULL,NULL,'66你这有杂音我听不清楚',0,'0001-01-01 00:00:00',NULL,0,'你这有杂音我听不清楚',0),
 (18,'77你这有杂音我听不清楚',NULL,NULL,NULL,NULL,NULL,NULL,NULL,NULL,'77你这有杂音我听不清楚',0,'0001-01-01 00:00:00',NULL,0,'你这有杂音我听不清楚',0);
INSERT INTO `Groups` (Id,Address,AttachmentFilePath,ChiefName,ChiefTel,ChiefTitle,Code,Comment,CreateBy,CreationDate,License,Metadata,ModificationDate,ModifyBy,Name,PhotoMain,PhotoSecurity,PhotoWarranty,RegisterAddress,Status,TownId,Type,VersionNumber) VALUES (1,NULL,NULL,'张三','13555654554',NULL,NULL,NULL,NULL,NULL,NULL,NULL,NULL,NULL,'周东社区',NULL,NULL,NULL,NULL,0,1,NULL,0),
 (2,NULL,NULL,'李四','12444424555',NULL,NULL,NULL,NULL,NULL,NULL,NULL,NULL,NULL,'周发社区',NULL,NULL,NULL,NULL,0,1,NULL,0),
 (3,NULL,NULL,'王五','1884424555',NULL,NULL,NULL,NULL,NULL,NULL,NULL,NULL,NULL,'周兴社区',NULL,NULL,NULL,NULL,0,1,NULL,0),
 (4,NULL,NULL,'赵六','124342324555',NULL,NULL,NULL,NULL,NULL,NULL,NULL,NULL,NULL,'周西社区',NULL,NULL,NULL,NULL,0,1,NULL,0),
 (5,NULL,NULL,'冯七','1777724555',NULL,NULL,NULL,NULL,NULL,NULL,NULL,NULL,NULL,'周南社区',NULL,NULL,NULL,NULL,0,1,NULL,0),
 (6,NULL,NULL,'刘八','12488884555',NULL,NULL,NULL,NULL,NULL,NULL,NULL,NULL,NULL,'周盛社区',NULL,NULL,NULL,NULL,0,1,NULL,0),
 (7,NULL,NULL,'唐九','12444989766',NULL,NULL,NULL,NULL,NULL,NULL,NULL,NULL,NULL,'周顺社区',NULL,NULL,NULL,NULL,0,1,NULL,0),
 (8,NULL,NULL,'滕十','12448889455',NULL,NULL,NULL,NULL,NULL,NULL,NULL,NULL,NULL,'周水子社区',NULL,NULL,NULL,NULL,0,1,NULL,0),
 (9,NULL,NULL,'贾十一','124444774435',NULL,NULL,NULL,NULL,NULL,NULL,NULL,NULL,NULL,'周北社区',NULL,NULL,NULL,NULL,0,1,NULL,0),
 (10,NULL,NULL,'高永强','13998618869','总经理','甘-10-1','大连中远船务工程有限公司是中远船务工程集团旗下的核心企业之一。公司以船舶与海洋工程产品的修理、改装、制造为主业。公司位于环渤海湾港口群的要冲、美丽的滨海城市大连。占地120万平方米，岸线总长3200米，市场遍及欧、美、亚多个国家和地区。公司拥有30万吨级浮船坞、15万吨级浮船坞和8万吨级干船坞各1座，坞容总量达到53万吨；专用修船码头8座，配有3台200吨门式起重机，1台400吨门式起重机等各类配套吊运设施。公司于2007年进军船舶制造领域，目前拥有钢加工、分段装焊、管子加工、涂装等厂房共计12万平方米，5000吨、10000吨级船台各1座，以及年处理能力达20万吨的钢材预处理流水线等多个重要生产设施。近年来，大连中远船务顺应形势发展，坚持改革创新，市场地位和品牌价值不断提升，综合实力和业务范围不断扩大，实现了从单一修船到修船、造船、海工三业并举的产品转型。公司拥有OBO、PCTC、VLCC、VLOC、FPSO等多种特殊船型的修理和改装实力，先后成功改装完成了“海洋骄傲”、“太阳神松寿”、“卡普”、“柏松”、“旭日东升”等多个FPSO，被业界誉为“中国第一FPSO改装工厂”。公司还承接了世界最大深水钻井船、系列JACK-UP自升式钻井平台、小型LNG运输船、3万吨教学实习船、PSV、DSV、12000吨抬浮力打捞工程船、模块运输船、22000吨成品油轮以及系列30000吨重吊船、57000吨散货船、80000吨散货船、82000吨散货船、92500吨散货船等海工和船舶建造项目，并为韩国三星自主设计建造了世界最大的50万吨级浮船坞。公司于2011年被评定为“国家高新技术企业”。','4771fdc4-7c5f-4be5-963c-643c89a26a48','2017-12-05 00:10:18.0652848',NULL,NULL,'2017-12-05 00:11:10.3107254','4771fdc4-7c5f-4be5-963c-643c89a26a48','大连中远船务工程有限公司','','','',NULL,200,12,'企业',0),
 (11,NULL,NULL,NULL,NULL,NULL,'甘-10-2','中国第一重型机械集团大连加氢反应器制造有限公司（以下简称“大连加氢公司”）是中国第一重型机械股份公司的全资子公司，位于大连市甘井子区大连湾镇棉花岛，注册资金204,868万元，厂区三面临海，交通便利。中国一重集团一直以建设成为具有国际竞争力的大型企业集团为目标，不断开拓进取。为走向世界、做大做强积极调整发展战略。一重的主要产品是关系到国民经济的重要产品属于大型、超大型设备，加氢反应器单台最重可达2000吨，大型成套轧制设备的单个机架重量可达300吨左右，陆路根本无法运出，必须有临港码头，公司总部正是受到大型产品运输的限制，为了容器产品可直接出口以及更长远的发展，选择了在大连注册子公司，自行建造3000T级码头，主要用于大型、超大型设备的运输，为企业在国际市场上具有一定的竞争优势创造更好的条件。在秦山核电公司60万千瓦级核反应堆压力容器、稳压器制造成功的基础上，由我公司承制的我国首台完全自主化红沿河核电站1#机组百万千瓦级核反应堆压力容器发往红沿河，此举标志着我国百万千瓦级核岛主设备已完全实现国产化，达到了国际先进水平，标志着我公司核电主设备方面又取得了重大、阶段性的突破，为后续产品制造积累了宝贵的经验。几年的发展过程中荣获过很多的奖项。','4771fdc4-7c5f-4be5-963c-643c89a26a48','2017-12-05 00:10:59.5463478',NULL,NULL,NULL,NULL,'一重加氢公司','','','',NULL,200,12,'企业',0),
 (12,NULL,NULL,NULL,NULL,NULL,'甘-10-3',NULL,'4771fdc4-7c5f-4be5-963c-643c89a26a48','2017-12-05 00:11:36.2819547',NULL,NULL,NULL,NULL,'大连大公路北方有限公司','','','',NULL,200,12,NULL,0),
 (13,NULL,NULL,'陈继状','87125687','法人','甘-10-4','辽宁省大连海洋渔业集团公司（简称辽渔集团） 坐落于辽东半岛大连湾畔，始建于1945年，是省属国有独资的综合性大型渔业联合企业。企业资产总值达94亿元，员工6000余人，海陆域总面积近300万平方米，目前已形成集海洋捕捞、港口航运、水产品交易、水产品加工、冷藏、国内外营销、船舶修造、地产开发、物资供应等多产业多元化的经营格局，成为国内同行业最具综合规模优势、产业链条最为完整的现代化渔业基地。“十三五”期间，辽渔集团将致力建设成为以海洋为依托，以海洋食品为龙头，以捕捞、冷藏、渔港、客滚、修造船、水产品贸易、食品加工、冷链物流为支撑的全产业链的现代服务型企业集团。','4771fdc4-7c5f-4be5-963c-643c89a26a48','2017-12-05 00:12:05.8478873',NULL,NULL,NULL,NULL,'辽宁省大连海洋渔业集团','','','',NULL,200,12,NULL,0),
 (14,NULL,NULL,'杨树华','13842619009','法人','甘-10-5','大连远辰客运有限公司是原辽宁省大连海洋渔业集团下属公司，为落实国家大型国有企业主辅分离政策，2003年9月从辽宁省大连海洋渔业集团公司分离出来，经辽宁省国资委和大连市体改委批准改制，由大连市工商局批准注册成立大连市远辰运输有限公司，2006年更名为大连远辰客运有限公司。公司占地20000平方米，建筑面积4000平方米。公司下属公交客运分公司、环路客运分公司、旅游通勤分公司、汽车出租分公司、货运分公司、大连湾维修厂、金南路修配厂、加油站（正在动迁中）、三元水产冷库九个经营实体。现有职工287人，营运车辆160辆，固定资产4068万元。公司是从1992年开始从事道路客运，2005年开始将近郊长途客运实行公交化管理，特别是公司所在地变成城市街道后，加快了公交化进程，公司现有客运线路青泥洼桥至大连湾、解放路至大连湾、解放路至大连湾快速班线，青泥洼桥至前关、苏家工业区至姚家、湾环1、2、3、4路、大连湾至拉树房、大连湾至北乐、甘井子至棋盘十一条线路。','4771fdc4-7c5f-4be5-963c-643c89a26a48','2017-12-05 00:12:33.6037608',NULL,NULL,NULL,NULL,'大连远辰客运有限公司','','','',NULL,200,12,NULL,0),
 (15,NULL,NULL,NULL,NULL,NULL,'甘-10-6','华能大连电厂坐落在大连湾海边，靠近大连经济技术开发区，距市中心约30公里。该厂以合资方式始建于1986年，主要利用外资成套引进了80年代具有国际先进水平的现代化设备，1988年建成投产。一期工程投用的两套火力发电机组，具有70万千瓦的发电能力。几年来，该厂年发电量都在38亿度以上，工厂生产的全过程基本实现了自动化控制。

华能大连电厂在不断发展的过程中，利用计算机系统作为企业管理中强有力的手段，依靠科学方法对一流的生产设备的有效管理，对企业信息系统进行综合管理，在市场经济的竞争中创造出一个高效率的一流的现代化电厂，实践中的一些经验和应用效果，值得我们借鉴和吸取。','4771fdc4-7c5f-4be5-963c-643c89a26a48','2017-12-05 00:13:26.7286087',NULL,NULL,NULL,NULL,'华能集团大连电厂','','','',NULL,200,12,NULL,0),
 (16,NULL,NULL,NULL,NULL,NULL,'甘-10-7',NULL,'4771fdc4-7c5f-4be5-963c-643c89a26a48','2017-12-05 00:13:47.0091931',NULL,NULL,NULL,NULL,'李家村','','','',NULL,200,12,'行政村',0),
 (17,NULL,NULL,NULL,NULL,NULL,'甘-10-8',NULL,'4771fdc4-7c5f-4be5-963c-643c89a26a48','2017-12-05 00:14:11.566212',NULL,NULL,NULL,NULL,'湾浦村','','','',NULL,200,12,'行政村',0),
 (18,NULL,NULL,NULL,NULL,NULL,'甘-10-9',NULL,'4771fdc4-7c5f-4be5-963c-643c89a26a48','2017-12-05 00:14:26.2449369',NULL,NULL,NULL,NULL,'大连湾村','','','',NULL,200,12,'行政村',0),
 (19,NULL,NULL,NULL,NULL,NULL,'甘-10-10',NULL,'4771fdc4-7c5f-4be5-963c-643c89a26a48','2017-12-05 00:15:00.4930614',NULL,NULL,NULL,NULL,'棉花岛村','','','',NULL,200,12,'行政村',0),
 (20,NULL,NULL,'魏永祥','0411-87122282','总经理','甘-10-36','"大连神通电气有限公司（原名：大连低压开关厂），法人代表：魏永祥（董事长），公司总经理：魏永祥，成立时间：一九四六年，公司性质：有限责任，注册地址：大连市甘井子区北海工业园苏家(原址：大连市沙河口区华北路334号)，经营范围：开关控制设备、高低压成套开关设备、起重电器、安全保护装置、电气传动装置设计制造；低压电器元件、制冷电控设备、制冷空调设备及备件加工。
大连神通电气有限公司地处辽东半岛的最南端，她三面环海，具有海洋性暖湿带大陆性季风气候。
公司座落于大连甘井子区北海工业园，拥有从模具制造到表面处理等生产开关电器产品所需的九大专业工种，同时具备高低压成套设备、高低压电器、传动电器、制冷电控、电子电器等产品的研发、制造、销售及安装维修等项服务。公司有按IEC标准验收的低压电器中心试验站和国家二级计量标准的中心计量室，质量保证体系完整，建立了计算机辅助设计中心。公司设备精良，技术先进，工艺手段齐全，主要生产设备281台（套），其中大精设备31台，数控设备13台，关键设备9台。占地面积6.1万平方米，建筑面积3万平方米。"','4771fdc4-7c5f-4be5-963c-643c89a26a48','2017-12-05 00:15:25.9895822',NULL,NULL,'2017-12-05 00:15:39.5516034','4771fdc4-7c5f-4be5-963c-643c89a26a48','大连神通电气有限公司','','','',NULL,200,12,'企业',0),
 (21,NULL,NULL,'王文铁','0411-87110200','法人','甘-10-23','大连盛达集装箱货运有限公司,位于辽宁省大连市甘井子区后盐村，1998年11月12日成立，经营范围包括集装箱货运等业务，法人：王文铁。','4771fdc4-7c5f-4be5-963c-643c89a26a48','2017-12-05 00:16:08.6219342',NULL,NULL,NULL,NULL,'大连盛达集装箱货运有限公司','','','',NULL,200,12,'企业',0),
 (22,NULL,NULL,'郭萍',NULL,'经理','甘-10-35','大连佩克石化产品运输有限公司，2007年08月31日成立，经营范围包括危险货物运输（3类）、普通货运等。
','4771fdc4-7c5f-4be5-963c-643c89a26a48','2017-12-05 00:16:45.4385558',NULL,NULL,NULL,NULL,'大连佩克石化产品运输有限公司','','','',NULL,200,12,NULL,0),
 (23,NULL,NULL,NULL,NULL,NULL,'甘-10-11',NULL,'4771fdc4-7c5f-4be5-963c-643c89a26a48','2017-12-05 00:17:03.449956',NULL,NULL,NULL,NULL,'前关村','','','',NULL,200,12,'行政村',0),
 (24,NULL,NULL,NULL,NULL,NULL,'甘-10-12',NULL,'4771fdc4-7c5f-4be5-963c-643c89a26a48','2017-12-05 00:17:20.043783',NULL,NULL,NULL,NULL,'后关村','','','',NULL,200,12,'行政村',0),
 (25,NULL,NULL,NULL,NULL,NULL,'甘-10-13',NULL,'4771fdc4-7c5f-4be5-963c-643c89a26a48','2017-12-05 00:17:35.2688685',NULL,NULL,NULL,NULL,'前盐村','','','',NULL,200,12,'行政村',0),
 (26,NULL,NULL,NULL,NULL,NULL,'甘-10-14',NULL,'4771fdc4-7c5f-4be5-963c-643c89a26a48','2017-12-05 00:17:48.2301862',NULL,NULL,NULL,NULL,'后盐村','','','',NULL,200,12,'行政村',0),
 (27,NULL,NULL,NULL,NULL,NULL,'甘-10-15',NULL,'4771fdc4-7c5f-4be5-963c-643c89a26a48','2017-12-05 00:17:56.5316596',NULL,NULL,NULL,NULL,'拉树房村','','','',NULL,200,12,'行政村',0),
 (28,NULL,NULL,NULL,NULL,NULL,'甘-10-16',NULL,'4771fdc4-7c5f-4be5-963c-643c89a26a48','2017-12-05 00:18:08.0942408',NULL,NULL,NULL,NULL,'毛茔子村','','','',NULL,200,12,'行政村',0),
 (29,NULL,NULL,'白姜','13109835998','村长','甘-10-17',NULL,'4771fdc4-7c5f-4be5-963c-643c89a26a48','2017-12-05 00:18:27.5985393',NULL,NULL,NULL,NULL,'苏家村','','','',NULL,200,12,'行政村',0),
 (30,NULL,NULL,'刘海云','13942635795','村主任','甘-10-19',NULL,'4771fdc4-7c5f-4be5-963c-643c89a26a48','2017-12-05 00:18:47.3399929',NULL,NULL,'2017-12-05 00:18:54.0952635','4771fdc4-7c5f-4be5-963c-643c89a26a48','土城子村','','','',NULL,200,12,'行政村',0),
 (31,NULL,NULL,NULL,NULL,NULL,'甘-10-20',NULL,'4771fdc4-7c5f-4be5-963c-643c89a26a48','2017-12-05 00:19:37.0093685',NULL,NULL,NULL,NULL,'宋家村','','','',NULL,200,12,'行政村',0),
 (32,NULL,NULL,NULL,NULL,NULL,'甘-10-22',NULL,'4771fdc4-7c5f-4be5-963c-643c89a26a48','2017-12-05 00:19:51.9359199',NULL,NULL,NULL,NULL,'大连宝黎土石方工程运输有限公司','','','',NULL,200,12,'企业',0),
 (33,NULL,NULL,NULL,NULL,NULL,'甘-10-24',NULL,'4771fdc4-7c5f-4be5-963c-643c89a26a48','2017-12-05 00:20:06.1915925',NULL,NULL,NULL,NULL,'大连志通大件有限公司','','','',NULL,200,12,'企业',0),
 (34,NULL,NULL,NULL,NULL,NULL,'甘-10-26',NULL,'4771fdc4-7c5f-4be5-963c-643c89a26a48','2017-12-05 00:20:22.003401',NULL,NULL,NULL,NULL,'大连广隆混凝土制造有限公司','','','',NULL,200,12,'企业',0),
 (35,NULL,NULL,NULL,NULL,NULL,'甘-10-27',NULL,'4771fdc4-7c5f-4be5-963c-643c89a26a48','2017-12-05 00:20:32.9539076',NULL,NULL,NULL,NULL,'大连辽渔建设有限公司','','','',NULL,200,12,'企业',0),
 (36,NULL,NULL,NULL,'18900998376','董事长','甘-10-28','大连宝荣机械化工程有限公司成立于1999年8月，是一家从事土石方工程施工以及石料加工运输的较大型民营股份制企业。公司现有高中级职称人员30人，持证上岗人员30人。拥有各类工程施工机械设备101台（套），其中：小松300以上型挖掘机15台，装载机12台，DM351钻机4台，15吨以上型载重自卸汽车70台。公司拥有总资产9400万元，年总产值1.25亿元。
公司自成立以来秉承“团结、务实、开拓、进取”的企业精神，遵循“守合同、守信用”、“质量第一、信誉第一”的服务宗旨。致力为国家建设，为业主提供高效、快速、优质的服务。由于，公司对内深化改革，对外充分发挥企业优势，努力拓展国内市场，不断提高经济效率和社会效益，壮大了企业综合实力。公司先后在大连、山东等地城建各类大、中型土石方工程100多项。工程一次性验收合格率为100%，优良率86%，还有不少工程被评为优质工程。
2005年公司承揽大连湾港区通用杂货泊位堆截区土石方倒运工程，工程总造价7100万元，2006年公司承揽大连长兴岛通用泊位陆域回填工程，工程总造价8000万元，2007年公司承揽大连船舶海洋工程建造基地一期工程，工程总造价8000余万元。公司年产值、年利润每年都在飞速递增。集体经济巩固了，势力加强了，诸多工程都在向我们招手。08年旅顺建港近亿元的工程，我公司已投标并中标，目前已进入工程的前期准备工作，预计年利润将达千万元。
今后，公司将一如既往的为各界用户提供高技术、高质量、高效率的服务。同时希望在各工程领域能得到同仁的支持和合作，创造出更多更好的优质工程、精品工程，共创美好的未来。
','4771fdc4-7c5f-4be5-963c-643c89a26a48','2017-12-05 00:21:08.3999703',NULL,NULL,NULL,NULL,'大连宝荣运输有限公司','','','',NULL,200,12,NULL,0),
 (37,NULL,NULL,NULL,NULL,NULL,'甘-10-29',NULL,'4771fdc4-7c5f-4be5-963c-643c89a26a48','2017-12-05 00:21:41.0367315',NULL,NULL,NULL,NULL,'大连盛运运输有限公司','','','',NULL,200,12,'企业',0),
 (38,NULL,NULL,NULL,NULL,NULL,'甘-10-32',NULL,'4771fdc4-7c5f-4be5-963c-643c89a26a48','2017-12-05 00:21:51.6022608',NULL,NULL,NULL,NULL,'大连金基混凝土制造有限公司','','','',NULL,200,12,'企业',0),
 (39,NULL,NULL,NULL,NULL,NULL,'甘-10-31',NULL,'4771fdc4-7c5f-4be5-963c-643c89a26a48','2017-12-05 00:22:03.9917888',NULL,NULL,NULL,NULL,'大连广业混凝土有限公司','','','',NULL,200,12,'企业',0),
 (40,NULL,NULL,NULL,NULL,NULL,'甘-10-33',NULL,'4771fdc4-7c5f-4be5-963c-643c89a26a48','2017-12-05 00:22:18.8769644',NULL,NULL,NULL,NULL,'大连双德石油销售有限公司','','','',NULL,200,12,'企业',0),
 (41,NULL,NULL,NULL,NULL,NULL,'甘-10-34',NULL,'4771fdc4-7c5f-4be5-963c-643c89a26a48','2017-12-05 00:22:31.4071069',NULL,NULL,NULL,NULL,'大连平安环保产业有限公司','','','',NULL,200,12,'企业',0),
 (42,NULL,NULL,'张玉宝','13204057199','村委书记','甘-10-21',' 大连湾地处辽东半岛最南端的海湾，隶属于大连市甘井子区。水土资源丰富，具有可观价值，建有大连港（大连港、香炉礁杂货港、和尚岛煤港和大连新港）以及大窑湾港（新建），构成巨大的港口群。大连港年吞吐量达7600万吨。大连港位于湾南岸，大连造船厂位于湾西岸，大连钢铁（大钢）、大连石化（大化）位于造船厂东北湾岸。甘井子区大连湾街道大房身村归大连湾街道管理、毗连子校家属社区、前关村、李家村、大连湾村,茂林成荫,花团锦簇,社会和谐稳定','4771fdc4-7c5f-4be5-963c-643c89a26a48','2017-12-05 00:22:51.2988856',NULL,NULL,NULL,NULL,'大房身村','','','',NULL,200,12,NULL,0);
INSERT INTO `Files` (Id,ClientPath,ContentType,CreateBy,CreationDate,DownloadCount,FileName,GroupId,Metadata,ModificationDate,ModifyBy,Name,ServerPath,Size,Status,TownId,Type,VersionNumber,Visibility) VALUES (1,'D:\Users\SoconaL\Downloads\Irfan.pptx','application/vnd.openxmlformats-officedocument.presentationml.presentation',NULL,'2017-12-05 16:24:14.770934',0,'Irfan.pptx',1,NULL,NULL,NULL,'用户文件','7f97fc6a-b4bd-4390-93de-9e0392693e99.ufile',229711,0,NULL,'.pptx',0,0);
INSERT INTO `Drivers` (Id,ContactAddress,CreateBy,CreationDate,FirstLicenseIssueDate,Gender,GroupId,IdCardNumber,LicenseIssueDate,LicenseNumber,LicenseType,LicenseValidYears,LivingAddress,Metadata,ModificationDate,ModifyBy,Name,PhotoAvatar,PhotoDriverLicense,PhotoIdCard1,PhotoIdCard2,PhotoWarranty,Status,Tel,Title,TownId,VersionNumber,WarrantyCode) VALUES (0,NULL,NULL,'',NULL,0,NULL,NULL,NULL,NULL,0,NULL,NULL,NULL,NULL,NULL,NULL,NULL,NULL,NULL,NULL,NULL,0,NULL,NULL,NULL,0,NULL),
 (1,NULL,NULL,NULL,NULL,1,NULL,'111333122233445566','2003-03-03 00:00:00','5553445667',1,10,NULL,NULL,NULL,NULL,'容可佳',NULL,NULL,NULL,NULL,NULL,0,'12244452677',NULL,1,0,NULL),
 (2,NULL,NULL,NULL,NULL,1,NULL,'222333122233445566','2004-03-03 00:00:00','6663445667',2,10,NULL,NULL,NULL,NULL,'禄冰露',NULL,NULL,NULL,NULL,NULL,0,'12344453677',NULL,1,0,NULL),
 (3,NULL,NULL,NULL,NULL,2,NULL,'333333122233445566','2005-03-03 00:00:00','7773445667',3,10,NULL,NULL,NULL,NULL,'叶饮香',NULL,NULL,NULL,NULL,NULL,0,'12444454677',NULL,1,0,NULL),
 (4,NULL,NULL,NULL,NULL,1,NULL,'444333122233445566','2006-03-03 00:00:00','8883445667',4,10,NULL,NULL,NULL,NULL,'程欣悦',NULL,NULL,NULL,NULL,NULL,0,'12564455677',NULL,1,0,NULL),
 (5,NULL,NULL,NULL,NULL,1,NULL,'555333111233445566','2007-03-03 00:00:00','9991235667',5,10,NULL,NULL,NULL,NULL,'阚琼诗',NULL,NULL,NULL,NULL,NULL,0,'12644456677',NULL,1,0,NULL),
 (6,NULL,NULL,NULL,NULL,2,NULL,'666333222233445566','2007-01-30 00:00:00','0002345667',8,10,NULL,NULL,NULL,NULL,'耿许洌',NULL,NULL,NULL,NULL,NULL,0,'12744456677',NULL,1,0,NULL),
 (7,NULL,NULL,NULL,NULL,1,NULL,'777333333233445566','2008-02-22 00:00:00','2232345111',14,10,NULL,NULL,NULL,NULL,'富秋翠',NULL,NULL,NULL,NULL,NULL,0,'12814456677',NULL,1,0,NULL),
 (8,NULL,NULL,NULL,NULL,1,NULL,'888333444233445566','2009-03-01 00:00:00','2234565222',16,10,NULL,NULL,NULL,NULL,'贺叶飞',NULL,NULL,NULL,NULL,NULL,0,'12392456677',NULL,1,0,NULL),
 (9,NULL,NULL,NULL,NULL,1,NULL,'222333555233445566','2000-04-02 00:00:00','2235675333',6,10,NULL,NULL,NULL,NULL,'莘山芙',NULL,NULL,NULL,NULL,NULL,0,'12303456677',NULL,1,0,NULL),
 (10,NULL,NULL,NULL,NULL,2,NULL,'222333666233445566','2003-05-03 00:00:00','2236785444',6,10,NULL,NULL,NULL,NULL,'卓秀华',NULL,NULL,NULL,NULL,NULL,0,'12344456677',NULL,1,0,NULL),
 (11,NULL,NULL,NULL,NULL,1,NULL,'222333777233445566','2003-06-04 00:00:00','2237894555',1,10,NULL,NULL,NULL,NULL,'孟滇萍',NULL,NULL,NULL,NULL,NULL,0,'12345456677',NULL,1,0,NULL),
 (12,NULL,NULL,NULL,NULL,1,NULL,'222333888233445566','2003-07-05 00:00:00','2238905666',2,10,NULL,NULL,NULL,NULL,'尹从南',NULL,NULL,NULL,NULL,NULL,0,'12346456677',NULL,1,0,NULL),
 (13,NULL,NULL,NULL,NULL,1,NULL,'222333999233445566','2003-08-06 00:00:00','2233445777',3,10,NULL,NULL,NULL,NULL,'菱芳蔼',NULL,NULL,NULL,NULL,NULL,0,'12347456677',NULL,1,0,NULL),
 (14,'大连盛达集装箱有限公司','4771fdc4-7c5f-4be5-963c-643c89a26a48','2017-12-05 10:14:10.6452482','1988-12-08 00:00:00',1,20,'210221196203190553','2011-12-08 00:00:00',NULL,2,10,'大连市金州区香水路87号1-2-6',NULL,NULL,NULL,'毕峻',NULL,'','','','',200,'13942082038','职工',12,0,NULL),
 (15,'大连盛达集装箱有限公司','4771fdc4-7c5f-4be5-963c-643c89a26a48','2017-12-05 10:24:43.3541927','1993-01-20 00:00:00',1,20,'210211195909150011','2016-01-20 00:00:00',NULL,2,10,'甘井子区西南路甘段45号1-2-1',NULL,NULL,NULL,'李成斌',NULL,'','','','',200,'13942082038','职工',12,0,NULL),
 (16,'大连盛达集装箱有限公司','4771fdc4-7c5f-4be5-963c-643c89a26a48','2017-12-06 14:30:09.3053804','1986-09-11 00:00:00',1,20,'210203195703134016','2015-09-11 00:00:00',NULL,1,10,'大连市沙河口区南沙街111号2-2-1',NULL,NULL,NULL,'于利',NULL,'','','','',200,'13942082038','职工',12,0,NULL),
 (17,'大连盛达集装箱有限公司','4771fdc4-7c5f-4be5-963c-643c89a26a48','2017-12-06 14:31:06.2621715','2001-08-30 00:00:00',1,20,'210203195703134016','2013-08-30 00:00:00',NULL,4,10,'大连市金州区渤海路233号2-2-1',NULL,NULL,NULL,'陈亮',NULL,'','','','',200,'13942082038','职工',12,0,NULL),
 (18,'大连盛达集装箱有限公司',NULL,'2017-12-06 07:26:05','1984-01-12',1,18,'210204195710213536','2026-01-12',NULL,1,10,'大连市沙河口区',NULL,NULL,NULL,'郑全波',NULL,NULL,NULL,NULL,NULL,200,'13898416073','职工',NULL,0,NULL),
 (19,'大连盛达集装箱有限公司',NULL,'2017-12-06 07:26:05','1993-04-06',1,18,'210211195811096539','2026-04-06',NULL,2,10,'大连市甘井子区',NULL,NULL,NULL,'阎承涛',NULL,NULL,NULL,NULL,NULL,200,'13019415329','职工',NULL,0,NULL),
 (20,'大连盛达集装箱有限公司',NULL,'2017-12-06 07:26:05','2004-01-18',1,18,'220324196610124314','2026-01-18',NULL,2,10,'吉林省双辽市永加乡',NULL,NULL,NULL,'朱瑞平',NULL,NULL,NULL,NULL,NULL,200,'15140631858','职工',NULL,0,NULL),
 (21,'大连盛达集装箱有限公司',NULL,'2017-12-06 07:26:05','1989-07-28',1,18,'210202196104032219','2025-07-28',NULL,2,10,'大连市甘井子区',NULL,NULL,NULL,'周正春',NULL,NULL,NULL,NULL,NULL,200,'13940844661','职工',NULL,0,NULL),
 (22,'大连盛达集装箱有限公司',NULL,'2017-12-06 07:26:05','1985-03-18',1,18,'210204196002161397','2026-03-18',NULL,2,10,'大连市中山区',NULL,NULL,NULL,'王玲斌',NULL,NULL,NULL,NULL,NULL,200,'13130041040','职工',NULL,0,NULL),
 (23,'大连盛达集装箱有限公司',NULL,'2017-12-06 07:26:05','1986-06-19',1,18,'210211196402286758','2025-06-19',NULL,2,10,'大连市甘井子区',NULL,NULL,NULL,'曹景春',NULL,NULL,NULL,NULL,NULL,200,'13942023573','职工',NULL,0,NULL),
 (24,'大连盛达集装箱有限公司',NULL,'2017-12-06 07:26:05','2000-06-08',1,18,'210213196803085618','2022-06-08',NULL,2,10,'大连市金州区向应镇',NULL,NULL,NULL,'张福强',NULL,NULL,NULL,NULL,NULL,200,'15941152238','职工',NULL,0,NULL),
 (25,'大连盛达集装箱有限公司',NULL,'2017-12-06 07:26:05','2001-04-13',1,18,'210221197201090713','2001-04-13',NULL,2,10,'大连市金州区',NULL,NULL,NULL,'王雄',NULL,NULL,NULL,NULL,NULL,200,'13942612585','职工',NULL,0,NULL),
 (26,'大连盛达集装箱有限公司',NULL,'2017-12-06 07:26:05','2002-05-15',1,18,'232623196809091656','2024-05-15',NULL,2,10,'黑龙江五大连池市',NULL,NULL,NULL,'张文东',NULL,NULL,NULL,NULL,NULL,200,'18640862830','职工',NULL,0,NULL),
 (27,'大连盛达集装箱有限公司',NULL,'2017-12-06 07:26:05','1991-12-05',1,18,'210204196402014839','2021-12-05',NULL,2,10,'大连市西岗区',NULL,NULL,NULL,'佘世山',NULL,NULL,NULL,NULL,NULL,200,'13591384437','职工',NULL,0,NULL),
 (28,'大连盛达集装箱有限公司',NULL,'2017-12-06 07:26:05','2001-08-07',1,18,'210221197408047317','2023-08-07',NULL,2,10,'大连市开发区',NULL,NULL,NULL,'王强',NULL,NULL,NULL,NULL,NULL,200,'13644254583','职工',NULL,0,NULL),
 (29,'大连盛达集装箱有限公司',NULL,'2017-12-06 07:26:05','1986-07-01',1,18,'210225196810140270','2023-07-01',NULL,2,10,'庄河市鞍子山乡',NULL,NULL,NULL,'陈毅光',NULL,NULL,NULL,NULL,NULL,200,'13591751337','职工',NULL,0,NULL),
 (30,'大连盛达集装箱有限公司',NULL,'2017-12-06 07:26:05','1998-06-01',1,18,'210221197604270559','2021-06-01',NULL,2,10,'开发区董家沟街道',NULL,NULL,NULL,'韩国',NULL,NULL,NULL,NULL,NULL,200,'13322209280','职工',NULL,0,NULL),
 (31,'大连盛达集装箱有限公司',NULL,'2017-12-06 07:26:05','1990-01-15',1,18,'210211197004246579','2021-01-15',NULL,2,10,'甘井子区大连湾镇',NULL,NULL,NULL,'张廷文',NULL,NULL,NULL,NULL,NULL,200,'13610951685','职工',NULL,0,NULL),
 (32,'大连盛达集装箱有限公司',NULL,'2017-12-06 07:26:05','1992-12-01',1,18,'210225197005150390','2022-12-01',NULL,2,10,'庄河市长岭镇',NULL,NULL,NULL,'高文华',NULL,NULL,NULL,NULL,NULL,200,'13610951685','职工',NULL,0,NULL),
 (33,'大连盛达集装箱有限公司',NULL,'2017-12-06 07:26:05','1985-02-05',1,18,'210202195906150714','2026-02-05',NULL,2,10,'大连市沙河口区',NULL,NULL,NULL,'吴连柱',NULL,NULL,NULL,NULL,NULL,200,'15040405355','职工',NULL,0,NULL),
 (34,'大连盛达集装箱有限公司',NULL,'2017-12-06 07:26:05','2001-10-01',1,18,'210221198012250516','2023-10-01',NULL,2,10,'大连市开发区',NULL,NULL,NULL,'郑德中',NULL,NULL,NULL,NULL,NULL,200,'15942630503','职工',NULL,0,NULL),
 (35,'大连盛达集装箱有限公司',NULL,'2017-12-06 07:26:05','2007-03-01',1,20,'210222196903293410','2023-03-01',NULL,2,10,'普兰店市皮口镇',NULL,NULL,NULL,'腾寿伟',NULL,NULL,NULL,NULL,NULL,200,'15542481006','职工',NULL,0,NULL),
 (36,'大连盛达集装箱有限公司',NULL,'2017-12-06 07:26:05','1986-07-01',1,20,'210222195912181790','2025-07-01',NULL,2,10,'普兰店丰荣街',NULL,NULL,NULL,'郑彦奎',NULL,NULL,NULL,NULL,NULL,200,'13050535081','职工',NULL,0,NULL),
 (37,'大连盛达集装箱有限公司',NULL,'2017-12-06 07:26:05','1996-06-01',1,20,'210221196704190615','2022-06-01',NULL,2,10,'大连市金州区',NULL,NULL,NULL,'王穄',NULL,NULL,NULL,NULL,NULL,200,'13898629229','职工',NULL,0,NULL),
 (38,'大连盛达集装箱有限公司',NULL,'2017-12-06 07:26:05','1999-10-21',1,20,'210213196903150018','2022-10-21',NULL,2,10,'大连市金州区',NULL,NULL,NULL,'杨殿伟',NULL,NULL,NULL,NULL,NULL,200,'15714033331','职工',NULL,0,NULL),
 (39,'大连盛达集装箱有限公司',NULL,'2017-12-06 07:26:05','1999-11-01',1,20,'372832196606144234','2021-11-01',NULL,2,10,'山东省临沂市',NULL,NULL,NULL,'潘文川',NULL,NULL,NULL,NULL,NULL,200,'15998586982','职工',NULL,0,NULL),
 (40,'大连盛达集装箱有限公司',NULL,'2017-12-06 07:26:05','1995-06-28',1,20,'210204196506144830','2022-06-08',NULL,2,10,'大连市沙河口区',NULL,NULL,NULL,'古书利',NULL,NULL,NULL,NULL,NULL,200,'15040405355','职工',NULL,0,NULL),
 (41,'大连盛达集装箱有限公司',NULL,'2017-12-06 07:26:05','1998-01-20',1,20,'210211196403255136','2026-01-20',NULL,2,10,'大连市甘井子区',NULL,NULL,NULL,'李维朋',NULL,NULL,NULL,NULL,NULL,200,'13591316608','职工',NULL,0,NULL),
 (42,'大连盛达集装箱有限公司',NULL,'2017-12-06 07:26:05','1999-12-11',1,20,'21020219600423071x','2020-12-11',NULL,2,10,'大连市中山区',NULL,NULL,NULL,'高福庆',NULL,NULL,NULL,NULL,NULL,200,'15040405355','职工',NULL,0,NULL),
 (43,'大连盛达集装箱有限公司',NULL,'2017-12-06 07:26:05','1990-03-28',1,20,'210204195802166773','2026-03-28',NULL,2,10,'大连市西岗区',NULL,NULL,NULL,'朱新国',NULL,NULL,NULL,NULL,NULL,200,'15040405355','职工',NULL,0,NULL),
 (44,'宝荣机械化工程有限公司',NULL,'2017-12-06 07:26:05','2010-07-12',1,21,'220422198602245919','2026-07-12',NULL,5,10,'辽宁省辽源市龙山区寿山镇永康村五组',NULL,NULL,NULL,'张鹤',NULL,NULL,NULL,NULL,NULL,200,'18900998376','职工',NULL,0,NULL),
 (45,'宝荣机械化工程有限公司',NULL,'2017-12-06 07:26:05','1994-03-26',1,21,'220324196603203117','2026-03-26',NULL,1,10,'大连市省大连市甘井子区大连湾街道前关村401号13',NULL,NULL,NULL,'孙玉',NULL,NULL,NULL,NULL,NULL,200,'18900998376','职工',NULL,0,NULL),
 (47,'宝荣机械化工程有限公司',NULL,'2017-12-06 07:26:05','1991-11-16',1,21,'210211196308256579','2024-11-16',NULL,2,10,'大连市甘井子区大连湾街道后关村19-1',NULL,NULL,NULL,'刘延成',NULL,NULL,NULL,NULL,NULL,200,'18900998376','职工',NULL,0,NULL),
 (48,'宝荣机械化工程有限公司',NULL,'2017-12-06 07:26:05','2002-06-01',1,21,'372928198311165812','2024-06-01',NULL,5,10,'山东省鄂城县潘东行政村潘东村028号',NULL,NULL,NULL,'张凤伟',NULL,NULL,NULL,NULL,NULL,200,'18900998376','职工',NULL,0,NULL),
 (49,'宝荣机械化工程有限公司',NULL,'2017-12-06 07:26:05','2010-05-28',1,21,'210211197511056517','2026-05-28',NULL,5,10,'甘井子区大连湾前盐村',NULL,NULL,NULL,'丁明辉',NULL,NULL,NULL,NULL,NULL,200,'18900998376','职工',NULL,0,NULL),
 (50,'宝荣机械化工程有限公司 ',NULL,'2017-12-06 07:26:05','2000-03-22',1,21,'220182197901253316','2022-03-22',NULL,2,10,'吉林省长春市榆树镇双庙村于开基屯',NULL,NULL,NULL,'李纯丰',NULL,NULL,NULL,NULL,NULL,200,'18900998376','职工',NULL,0,NULL),
 (51,'宝荣机械化工程有限公司',NULL,'2017-12-06 07:26:05','2010-01-07',1,21,'210726197003254915','2026-01-07',NULL,5,10,'锦州市黑山县段家乡哈山村258号',NULL,NULL,NULL,'宋福成',NULL,NULL,NULL,NULL,NULL,200,'18900998376','职工',NULL,0,NULL),
 (52,'宝荣机械化工程有限公司',NULL,'2017-12-06 07:26:05','2002-05-30',1,21,'210122198101295135','2023-05-30',NULL,2,10,'辽宁省辽中县于家房乡镇范家窝棚村',NULL,NULL,NULL,'田长树',NULL,NULL,NULL,NULL,NULL,200,'18900998376','职工',NULL,0,NULL),
 (53,'宝荣机械化工程有限公司',NULL,'2017-12-06 07:26:05','2009-01-20',1,21,'230622197309114053','2025-01-20',NULL,5,10,'黑龙江省大庆市肇源县福兴村',NULL,NULL,NULL,'齐彪',NULL,NULL,NULL,NULL,NULL,200,'18900998376','职工',NULL,0,NULL),
 (54,'宝荣机械化工程有限公司',NULL,'2017-12-06 07:26:05','2010-08-17',1,21,'210726197803254315','2026-08-17',NULL,2,10,'辽宁省锦州市黑山县太和镇兰和村288号',NULL,NULL,NULL,'胡永亮',NULL,NULL,NULL,NULL,NULL,200,'18900998376','职工',NULL,0,NULL),
 (55,'宝荣机械化工程有限公司',NULL,'2017-12-06 07:26:05','2012-06-14',1,21,'222328197612240038','2018-06-14',NULL,5,6,'吉林省乾安县乾安镇德建街30委',NULL,NULL,NULL,'黄雷',NULL,NULL,NULL,NULL,NULL,200,'18900998376','职工',NULL,0,NULL),
 (56,'宝荣机械化工程有限公司',NULL,'2017-12-06 07:26:05','2009-05-13',1,21,'152103197901037638','2025-05-13',NULL,5,10,'内蒙古扎兰屯市哈多河镇哈多河村二街39号',NULL,NULL,NULL,'陈金翔',NULL,NULL,NULL,NULL,NULL,200,'18900998376','职工',NULL,0,NULL),
 (57,'宝荣机械化工程有限公司',NULL,'2017-12-06 07:26:05','2010-12-09',1,21,'230230197905161513','2016-12-09',NULL,5,6,'黑龙江省齐齐哈尔市克东县宝泉镇治安村',NULL,NULL,NULL,'李先阳',NULL,NULL,NULL,NULL,NULL,200,'18900998376','职工',NULL,0,NULL),
 (58,'宝荣机械化工程有限公司',NULL,'2017-12-06 07:26:05','2010-03-19',1,21,'230223198712280931','2026-03-19',NULL,5,10,'黑龙江省依安县上游乡建华村6组',NULL,NULL,NULL,'张宝',NULL,NULL,NULL,NULL,NULL,200,'18900998376','职工',NULL,0,NULL),
 (59,'宝荣机械化工程有限公司',NULL,'2017-12-06 07:26:05','1998-05-26',1,21,'210211197005216531','2020-05-26',NULL,2,10,'大连市甘井子区大连湾街道前盐村683',NULL,NULL,NULL,'马振滨',NULL,NULL,NULL,NULL,NULL,200,'18900998376','职工',NULL,0,NULL),
 (60,'宝荣机械化工程有限公司',NULL,'2017-12-06 07:26:05','2013-05-16',1,21,'232622197912251011','2019-05-16',NULL,5,6,'黑龙江省黑河市嫩江县海河乡红星村一组',NULL,NULL,NULL,'李文举',NULL,NULL,NULL,NULL,NULL,200,'18900998376','职工',NULL,0,NULL),
 (61,'宝荣机械化工程有限公司',NULL,'2017-12-06 07:26:05','2007-09-28',1,21,'220524198207223670','2023-09-28',NULL,5,10,'吉林省柳河县圣水镇煤窑村王家街屯',NULL,NULL,NULL,'王化波',NULL,NULL,NULL,NULL,NULL,200,'18900998376','职工',NULL,0,NULL),
 (62,'宝荣机械化工程有限公司',NULL,'2017-12-06 07:26:05','1998-02-01',1,21,'23232119760415791X','2026-02-01',NULL,5,10,'黑龙江省海伦市扎音河乡',NULL,NULL,NULL,'崔连江',NULL,NULL,NULL,NULL,NULL,200,'18900998376','职工',NULL,0,NULL),
 (63,'宝荣机械化工程有限公司',NULL,'2017-12-06 07:26:05','2008-05-04',1,21,'211223198304144014','2024-05-04',NULL,5,10,'辽宁省铁岭市西丰县和隆乡阜丰村',NULL,NULL,NULL,'郭洪鑫',NULL,NULL,NULL,NULL,NULL,200,'18900998376','职工',NULL,0,NULL),
 (64,'宝荣机械化工程有限公司',NULL,'2017-12-06 07:26:05','2004-05-28',1,21,'210222198209046312','2020-05-26',NULL,2,10,'辽宁省大连市普兰店市沙包乡大盛村战屯87号',NULL,NULL,NULL,'王祖盛',NULL,NULL,NULL,NULL,NULL,200,'18900998376','职工',NULL,0,NULL),
 (65,'宝荣机械化工程有限公司',NULL,'2017-12-06 07:26:05','1996-01-30',1,21,'210225196211050791','2022-01-30',NULL,2,10,'辽宁省庄河市城山镇吉庆村吉庆永屯71',NULL,NULL,NULL,'王贵百',NULL,NULL,NULL,NULL,NULL,200,'18900998376','职工',NULL,0,NULL),
 (66,'宝荣机械化工程有限公司',NULL,'2017-12-06 07:26:05','2005-03-07',1,21,'37292819820614581X','2021-03-07',NULL,5,10,'山东省文登镇阎家泊子村167号',NULL,NULL,NULL,'吴端忠',NULL,NULL,NULL,NULL,NULL,200,'18900998376','职工',NULL,0,NULL),
 (67,'宝荣机械化工程有限公司',NULL,'2017-12-06 07:26:05','2010-01-04',1,21,'430524198709053690','2026-01-04',NULL,5,10,'湖南省邵阳市六家寨狮子',NULL,NULL,NULL,'罗德林',NULL,NULL,NULL,NULL,NULL,200,'18900998376','职工',NULL,0,NULL),
 (68,'宝荣机械化工程有限公司',NULL,'2017-12-06 07:26:05','1994-04-08',1,21,'210211196412136534','2020-04-08',NULL,2,10,'大连市甘井子区大连湾街道后盐村608号',NULL,NULL,NULL,'赵瑞平',NULL,NULL,NULL,NULL,NULL,200,'18900998376','职工',NULL,0,NULL),
 (69,'宝荣机械化工程有限公司',NULL,'2017-12-06 07:26:05','2000-07-18',1,21,'232700197310180014','2026-07-18',NULL,4,10,'辽宁省大连市庄河高屯村',NULL,NULL,NULL,'韩立江',NULL,NULL,NULL,NULL,NULL,200,'18900998376','职工',NULL,0,NULL),
 (70,'宝荣机械化工程有限公司',NULL,'2017-12-06 07:26:05','1994-03-20',1,21,'210726195804193711','2020-03-20',NULL,2,10,'辽宁省锦州市黑山县八道壕乡黄家村88号',NULL,NULL,NULL,'夏玉山',NULL,NULL,NULL,NULL,NULL,200,'18900998376','职工',NULL,0,NULL),
 (71,'宝荣机械化工程有限公司',NULL,'2017-12-06 07:26:05','1995-05-19',1,21,'210211196509206519','2021-05-19',NULL,2,10,'大连市甘井子区大连湾街道前关村3-8',NULL,NULL,NULL,'韩立秋',NULL,NULL,NULL,NULL,NULL,200,'18900998376','职工',NULL,0,NULL),
 (72,'宝荣机械化工程有限公司',NULL,'2017-12-06 07:26:05','2011-07-01',1,21,'210225197810180736','2027-07-01',NULL,5,10,'辽宁大连庄河市明阳镇大张村宋庄西屯',NULL,NULL,NULL,'宋清飞',NULL,NULL,NULL,NULL,NULL,200,'18900998376','职工',NULL,0,NULL),
 (73,'宝荣机械化工程有限公司',NULL,'2017-12-06 07:26:05','1988-04-28',1,21,'21021119651110655X','2025-04-28',NULL,2,10,'大连市甘井子区大连湾街道前关村',NULL,NULL,NULL,'张家武',NULL,NULL,NULL,NULL,NULL,200,'18900998376','职工',NULL,0,NULL),
 (74,'宝荣机械化工程有限公司',NULL,'2017-12-06 07:26:05','1995-10-20',1,21,'210211196606296552','2023-10-20',NULL,2,10,'大连市甘井子区大连湾街道氯金村',NULL,NULL,NULL,'张贵明',NULL,NULL,NULL,NULL,NULL,200,'18900998376','职工',NULL,0,NULL),
 (75,'宝荣机械化工程有限公司',NULL,'2017-12-06 07:26:05','1996-06-12',1,21,'150430197310283873','2023-06-20',NULL,2,10,'内蒙古赤峰市敖汉旗长胜镇',NULL,NULL,NULL,'李生',NULL,NULL,NULL,NULL,NULL,200,'18900998376','职工',NULL,0,NULL),
 (76,'宝荣机械化工程有限公司',NULL,'2017-12-06 07:26:05','1990-03-04',1,21,'210211196710026536','2021-03-04',NULL,2,10,'大连市甘井子区大连湾街道前关村',NULL,NULL,NULL,'刘杰',NULL,NULL,NULL,NULL,NULL,200,'18900998376','职工',NULL,0,NULL),
 (77,'宝荣机械化工程有限公司',NULL,'2017-12-06 07:26:05','1994-03-02',1,21,'210211196710136516','2021-03-02',NULL,2,10,'大连市甘井子区大连湾街道后关村',NULL,NULL,NULL,'李承有',NULL,NULL,NULL,NULL,NULL,200,'18900998376','职工',NULL,0,NULL),
 (78,'宝荣机械化工程有限公司',NULL,'2017-12-06 07:26:05','1994-05-10',1,21,'210211197003286536','2021-05-10',NULL,2,10,'大连市甘井子区大连湾街道后盐 村',NULL,NULL,NULL,'周国鑫',NULL,NULL,NULL,NULL,NULL,200,'18900998376','职工',NULL,0,NULL),
 (79,'宝荣机械化工程有限公司',NULL,'2017-12-06 07:26:05','1994-08-18',1,21,'210211197010306590','2020-08-18',NULL,2,10,'大连市甘井子区大连湾街道前盐村',NULL,NULL,NULL,'王滨',NULL,NULL,NULL,NULL,NULL,200,'18900998376','职工',NULL,0,NULL),
 (80,'宝荣机械化工程有限公司',NULL,'2017-12-06 07:26:05','2003-01-20',1,21,'210211195801096535','2019-01-20',NULL,2,10,'大连市甘井子区大连湾街道后盐',NULL,NULL,NULL,'郭永惠',NULL,NULL,NULL,NULL,NULL,200,'18900998376','职工',NULL,0,NULL),
 (81,'宝荣机械化工程有限公司',NULL,'2017-12-06 07:26:05','2000-10-24',1,21,'210225196610120216','2026-10-24',NULL,2,10,'辽宁庄河明阳德令村养文地屯',NULL,NULL,NULL,'孙桐学',NULL,NULL,NULL,NULL,NULL,200,'18900998376','职工',NULL,0,NULL),
 (82,'宝荣机械化工程有限公司',NULL,'2017-12-06 07:26:05','1994-08-24',1,21,'210219196910090517','2021-08-24',NULL,2,10,'辽宁瓦房店松树东半拉山村九家屯20号',NULL,NULL,NULL,'王治义',NULL,NULL,NULL,NULL,NULL,200,'18900998376','职工',NULL,0,NULL),
 (83,'宝荣机械化工程有限公司',NULL,'2017-12-06 07:26:05','1997-01-16',1,21,'232622196805070819','2025-01-16',NULL,2,10,'黑龙江嫩江双山镇青山村青山屯279',NULL,NULL,NULL,'静者国',NULL,NULL,NULL,NULL,NULL,200,'18900998376','职工',NULL,0,NULL),
 (84,'宝荣机械化工程有限公司',NULL,'2017-12-06 07:26:05','2003-05-26',1,21,'210224196505104112','2025-05-26',NULL,2,10,'辽宁省昌图县东嘎镇大榆树村民委九组67号',NULL,NULL,NULL,'范许夺',NULL,NULL,NULL,NULL,NULL,200,'18900998376','职工',NULL,0,NULL),
 (85,'宝荣机械化工程有限公司',NULL,'2017-12-06 07:26:05','2010-11-03',1,21,'210622197112094470','2020-11-03',NULL,2,10,'辽宁鞍山岫岩洋河镇马家堡村小王家屯组9号',NULL,NULL,NULL,'王凯',NULL,NULL,NULL,NULL,NULL,200,'18900998376','职工',NULL,0,NULL),
 (86,'宝荣机械化工程有限公司',NULL,'2017-12-06 07:26:05','2013-03-21',1,21,'210222197308209135','2018-03-21',NULL,5,6,'辽宁普兰店城子坦金山村苗屯',NULL,NULL,NULL,'宋国建',NULL,NULL,NULL,NULL,NULL,200,'18900998376','职工',NULL,0,NULL),
 (87,'宝荣机械化工程有限公司',NULL,'2017-12-06 07:26:05','1998-09-25',1,21,'210211197502076533','1998-09-25',NULL,2,10,'大连市甘井子区大连湾街道前盐村',NULL,NULL,NULL,'金德惠',NULL,NULL,NULL,NULL,NULL,200,'18900998376','职工',NULL,0,NULL),
 (88,'宝荣机械化工程有限公司',NULL,'2017-12-06 07:26:05','2001-07-11',1,21,'210283198202236618','2023-07-11',NULL,2,10,'大连庄河明阳镇大兴城村小陶屯',NULL,NULL,NULL,'郝良',NULL,NULL,NULL,NULL,NULL,200,'18900998376','职工',NULL,0,NULL),
 (89,'宝荣机械化工程有限公司',NULL,'2017-12-06 07:26:05','1994-05-07',1,21,'210211196903176530','2021-05-07',NULL,2,10,'大连市甘井子区大连湾街道前关村',NULL,NULL,NULL,'刘俊',NULL,NULL,NULL,NULL,NULL,200,'18900998376','职工',NULL,0,NULL),
 (90,'宝荣机械化工程有限公司',NULL,'2017-12-06 07:26:05','2005-07-14',1,21,'210726197901292710','2021-07-14',NULL,5,10,'辽宁锦州黑山小东镇小杜岗村100号',NULL,NULL,NULL,'唐华',NULL,NULL,NULL,NULL,NULL,200,'18900998376','职工',NULL,0,NULL),
 (91,'大连中远船务有限公司',NULL,'2017-12-06 07:26:05','1999-11-04',1,10,'210211197512236756','2022-11-04',NULL,2,10,'辽宁省大连市甘井子区大连湾新街942号1-9',NULL,NULL,NULL,'杨瑞伟',NULL,NULL,NULL,NULL,NULL,200,'13998618869','职工',NULL,0,NULL),
 (92,'大连中远船务有限公司',NULL,'2017-12-06 07:26:05','2006-04-24',1,10,'220524197002180035','2022-04-24',NULL,5,10,'辽宁省大连市经济技术开发区金源北里10号3-4-2',NULL,NULL,NULL,'孟兆军',NULL,NULL,NULL,NULL,NULL,200,'13998618869','职工',NULL,0,NULL),
 (93,'大连中远船务有限公司',NULL,'2017-12-06 07:26:05','2001-12-30',1,10,'210221197206230711','2023-12-30',NULL,2,10,'辽宁省古城大连市金州区古城丁区47号1-6-2',NULL,NULL,NULL,'吴宝昌',NULL,NULL,NULL,NULL,NULL,200,'13998618869','职工',NULL,0,NULL),
 (94,'大连中远船务有限公司',NULL,'2017-12-06 07:26:05','1987-05-09',1,10,'210221196410040515','2022-05-09',NULL,2,10,'辽宁省大连市金州区七顶山满族乡七顶山村七顶山屯453号',NULL,NULL,NULL,'刘茂珉',NULL,NULL,NULL,NULL,NULL,200,'13998618869','职工',NULL,0,NULL),
 (95,'大连中远船务有限公司',NULL,'2017-12-06 07:26:05','1995-08-11',1,10,'210221197004050616','2021-08-11',NULL,1,10,'辽宁省大连经济技术开发区五彩城1号1',NULL,NULL,NULL,'王斌',NULL,NULL,NULL,NULL,NULL,200,'13998618869','职工',NULL,0,NULL),
 (96,'大连中远船务有限公司',NULL,'2017-12-06 07:26:05','2002-12-09',1,10,'210211198404116778','2024-12-09',NULL,2,10,'辽宁省大连市甘井子区大连湾街道宋家村384号',NULL,NULL,NULL,'宋诚超',NULL,NULL,NULL,NULL,NULL,200,'13998618869','职工',NULL,0,NULL),
 (97,'大连中远船务有限公司',NULL,'2017-12-06 07:26:05','1999-04-09',1,10,'210213197811295214','2021-04-19',NULL,2,10,'辽宁省大连市金州区七顶山满族干岛子村干岛子屯198号',NULL,NULL,NULL,'刘卓',NULL,NULL,NULL,NULL,NULL,200,'13998618869','职工',NULL,0,NULL),
 (98,'大连中远船务有限公司',NULL,'2017-12-06 07:26:05','1998-01-21',1,10,'210225197303230073','2025-01-21',NULL,2,10,'辽宁省大连市甘井子区元宝山街45号2-5-3',NULL,NULL,NULL,'刘学诗',NULL,NULL,NULL,NULL,NULL,200,'13998618869','职工',NULL,0,NULL),
 (99,'大连中远船务有限公司',NULL,'2017-12-06 07:26:05','2008-09-09',1,10,'210211196708256519','2024-09-09',NULL,5,10,'辽宁甘井子区省大连市大连湾街道张耿村74号',NULL,NULL,NULL,'耿成旭',NULL,NULL,NULL,NULL,NULL,200,'13998618869','职工',NULL,0,NULL),
 (100,'大连中远船务有限公司',NULL,'2017-12-06 07:26:05','1996-08-01',1,10,'21020319660405009X','2022-08-01',NULL,2,10,'辽宁省大连市沙河口区尖山街61号4-1',NULL,NULL,NULL,'蒋斌',NULL,NULL,NULL,NULL,NULL,200,'13998618869','职工',NULL,0,NULL),
 (101,'大连中远船务有限公司',NULL,'2017-12-06 07:26:05','1995-10-26',1,10,'210202197012312218','2024-10-26',NULL,2,10,'辽宁省大连市西岗区华胜街33号',NULL,NULL,NULL,'刘健',NULL,NULL,NULL,NULL,NULL,200,'13998618869','职工',NULL,0,NULL),
 (102,'大连中远船务有限公司',NULL,'2017-12-06 07:26:05','1994-06-07',1,10,'210211197211110914','2021-06-07',NULL,2,10,'辽宁省大连市甘井子区东海路37号1-5-2',NULL,NULL,NULL,'崔龙',NULL,NULL,NULL,NULL,NULL,200,'13998618869','职工',NULL,0,NULL),
 (103,'大连中远船务有限公司',NULL,'2017-12-06 07:26:05','2005-01-12',1,10,'210211196608046514','2021-01-12',NULL,2,10,'辽宁省大连市甘井子区大连湾街道李王村48号',NULL,NULL,NULL,'耿志红',NULL,NULL,NULL,NULL,NULL,200,'13998618869','职工',NULL,0,NULL),
 (104,'大连中远船务有限公司',NULL,'2017-12-06 07:26:05','2007-01-29',1,10,'210221196209140696','2023-01-29',NULL,5,10,'辽宁省大连市金州区登沙河镇程家村李家屯62号',NULL,NULL,NULL,'宋丰彬',NULL,NULL,NULL,NULL,NULL,200,'13998618869','职工',NULL,0,NULL),
 (105,'大连中远船务有限公司',NULL,'2017-12-06 07:26:05','2003-04-14',1,10,'210225197706190010','2025-04-14',NULL,5,10,'辽宁省大连市庄河市滨河路888号',NULL,NULL,NULL,'孙传阁',NULL,NULL,NULL,NULL,NULL,200,'13998618869','职工',NULL,0,NULL),
 (106,'大连中远船务有限公司',NULL,'2017-12-06 07:26:05','1999-07-14',1,10,'210213197810172036','2021-07-14',NULL,2,10,'辽宁省大连市金州区中长街道东风村石家沟72号',NULL,NULL,NULL,'史振国',NULL,NULL,NULL,NULL,NULL,200,'13998618869','职工',NULL,0,NULL),
 (107,'大连中远船务有限公司',NULL,'2017-12-06 07:26:05','1994-04-20',1,10,'210225197110010250','2023-04-20',NULL,2,10,'辽宁省庄市黑岛镇山南头村宫东屯20号',NULL,NULL,NULL,'宮世弟',NULL,NULL,NULL,NULL,NULL,200,'13998618869','职工',NULL,0,NULL),
 (108,'大连中远船务有限公司',NULL,'2017-12-06 07:26:05','1991-10-20',1,10,'210211197201280418','2025-10-20',NULL,1,10,'辽宁省大连市甘井子区金一街1-58号2-3-2',NULL,NULL,NULL,'阎卫民',NULL,NULL,NULL,NULL,NULL,200,'13998618869','职工',NULL,0,NULL),
 (109,'大连中远船务有限公司',NULL,'2017-12-06 07:26:05','2001-05-16',1,10,'210222197811027857','2023-05-16',NULL,2,10,'辽宁省普兰店市南都新城地锦圆11号4-2-1',NULL,NULL,NULL,'车忠成',NULL,NULL,NULL,NULL,NULL,200,'13998618869','职工',NULL,0,NULL),
 (110,'大连中远船务有限公司',NULL,'2017-12-06 07:26:05','2006-09-14',1,10,'210221197606020596','2022-09-14',NULL,2,10,'辽宁省大连市金州区古城乙区50号3-5-1',NULL,NULL,NULL,'刘丰泉',NULL,NULL,NULL,NULL,NULL,200,'13998618869','职工',NULL,0,NULL),
 (111,'大连中远船务有限公司',NULL,'2017-12-06 07:26:05','1994-08-31',1,10,'210211196903074518','2022-08-31',NULL,2,10,'辽宁省大连市甘井子区营城子镇双台沟村10号',NULL,NULL,NULL,'鞠家君',NULL,NULL,NULL,NULL,NULL,200,'13998618869','职工',NULL,0,NULL),
 (112,'大连中远船务有限公司',NULL,'2017-12-06 07:26:05','1994-01-04',1,10,'210211197211120135','2021-01-04',NULL,1,10,'辽宁省大连市甘井子区大连湾街道宋家村173号',NULL,NULL,NULL,'宋继涛',NULL,NULL,NULL,NULL,NULL,200,'13998618869','职工',NULL,0,NULL),
 (113,'大连中远船务有限公司',NULL,'2017-12-06 07:26:05','2002-05-28',1,10,'210281197804176870','2024-05-28',NULL,2,10,'辽宁省大连市瓦房店市东长春路三段辛东屯园133号',NULL,NULL,NULL,'栾俏',NULL,NULL,NULL,NULL,NULL,200,'13998618869','职工',NULL,0,NULL),
 (114,'大连中远船务有限公司',NULL,'2017-12-06 07:26:05','1993-12-14',1,10,'210221197311030690','2020-12-22',NULL,2,10,'辽宁省大连市金州区先进街道八里村大陈家42号',NULL,NULL,NULL,'田原',NULL,NULL,NULL,NULL,NULL,200,'13998618869','职工',NULL,0,NULL),
 (115,'大连中远船务有限公司',NULL,'2017-12-06 07:26:05','1999-06-04',1,10,'210222198012245916','2021-06-04',NULL,2,10,'辽宁省大连市普兰店市星台镇韩屯村刘岚屯67号',NULL,NULL,NULL,'刘吉国',NULL,NULL,NULL,NULL,NULL,200,'13998618869','职工',NULL,0,NULL),
 (116,'大连中远船务有限公司',NULL,'2017-12-06 07:26:05','1991-05-09',1,10,'210211196809236533','2020-05-09',NULL,1,10,'辽宁省大连市甘井子区大连湾街道张耿村229号',NULL,NULL,NULL,'尹军',NULL,NULL,NULL,NULL,NULL,200,'13504081316','职工',NULL,0,NULL),
 (117,'大连中远船务有限公司',NULL,'2017-12-06 07:26:05','1994-06-12',1,10,'21022119631231077X','2022-06-12',NULL,2,10,'辽宁省大连市甘井子区玉丽路30号1-2-2',NULL,NULL,NULL,'刘照阳',NULL,NULL,NULL,NULL,NULL,200,'13500770348','职工',NULL,0,NULL),
 (118,'大连中远船务有限公司',NULL,'2017-12-06 07:26:05','1993-10-04',1,10,'21020219581017173X','2025-10-04',NULL,2,10,'辽宁省大连市沙河口区华北路459号2-11',NULL,NULL,NULL,'王余升',NULL,NULL,NULL,NULL,NULL,200,'13940973156','职工',NULL,0,NULL),
 (119,'大连中远船务有限公司',NULL,'2017-12-06 07:26:05','1992-10-29',1,10,'21021119620707141X','2024-10-29',NULL,1,10,'辽宁省大连市甘井子区海口路海桥园84号1-4-2',NULL,NULL,NULL,'刘民',NULL,NULL,NULL,NULL,NULL,200,'13840818080','职工',NULL,0,NULL),
 (120,'大连中远船务有限公司',NULL,'2017-12-06 07:26:05','2004-12-17',1,10,'210213198210305231','2020-12-17',NULL,1,10,'大连市金州区金润西小区B区85号3-4-1',NULL,NULL,NULL,'安保超',NULL,NULL,NULL,NULL,NULL,200,'13998618869','职工',NULL,0,NULL),
 (121,'大连中远船务有限公司',NULL,'2017-12-06 07:26:05','2008-06-11',1,10,'210212198805070519','2024-06-11',NULL,5,10,'辽宁省大连市旅顺口区惠工街49号4-1',NULL,NULL,NULL,'王红星',NULL,NULL,NULL,NULL,NULL,200,'13998618869','职工',NULL,0,NULL),
 (122,'大连中远船务有限公司',NULL,'2017-12-06 07:26:05','1990-05-18',1,10,'21020419600209143X','2021-05-18',NULL,1,10,'辽宁省大连市沙河口区锦虹北园4号3-1-2',NULL,NULL,NULL,'张连胜',NULL,NULL,NULL,NULL,NULL,200,'13500770404','职工',NULL,0,NULL),
 (123,'大连中远船务有限公司',NULL,'2017-12-06 07:26:05','1996-08-26',1,10,'210211197501186757','2021-08-26',NULL,1,10,'辽宁省辽源市甘井子区元宝山街26号3-8',NULL,NULL,NULL,'赵斌',NULL,NULL,NULL,NULL,NULL,200,'15241123769','职工',NULL,0,NULL),
 (124,'大连中远船务有限公司',NULL,'2017-12-06 07:26:05','1995-12-18',1,10,'210204196501184315','2020-12-18',NULL,1,10,'辽宁省大连市沙河口区黄河路872号3-2-3',NULL,NULL,NULL,'简毅',NULL,NULL,NULL,NULL,NULL,200,'13898685070','职工',NULL,0,NULL),
 (125,'大连中远船务有限公司',NULL,'2017-12-06 07:26:05','1989-12-02',1,10,'210211195802030052','2025-12-02',NULL,1,10,'辽宁省大连市甘井子区七迎路41号2-6-1',NULL,NULL,NULL,'程木本',NULL,NULL,NULL,NULL,NULL,200,'13604096896','职工',NULL,0,NULL),
 (126,'大连中远船务有限公司',NULL,'2017-12-06 07:26:05','1994-04-05',1,10,'210204197506051399','2025-04-05',NULL,1,10,'辽宁省大连市沙河口区莲花山路120号2-3',NULL,NULL,NULL,'王岩',NULL,NULL,NULL,NULL,NULL,200,'13998410103','职工',NULL,0,NULL),
 (127,'大连中远船务有限公司',NULL,'2017-12-06 07:26:05','1986-08-07',1,10,'2104021965072717','2020-08-07',NULL,1,10,'辽宁省抚顺市顺城区葛布北街29-4-601',NULL,NULL,NULL,'李德福',NULL,NULL,NULL,NULL,NULL,200,'13804959322','职工',NULL,0,NULL),
 (128,'大连中远船务有限公司',NULL,'2017-12-06 07:26:05','1993-06-01',1,10,'210204196311183055','2020-06-01',NULL,1,10,'辽宁省大连市沙河口区春芳街37-4-3',NULL,NULL,NULL,'安树忠',NULL,NULL,NULL,NULL,NULL,200,'13704261049','职工',NULL,0,NULL),
 (129,'大连中远船务有限公司',NULL,'2017-12-06 07:26:05','1988-05-20',1,10,'210211196708026537','2020-05-20',NULL,1,10,'大连市甘井子区大连湾街道毛莹子村258-10',NULL,NULL,NULL,'张文久',NULL,NULL,NULL,NULL,NULL,200,'13998631249','职工',NULL,0,NULL),
 (130,'大连中远船务有限公司',NULL,'2017-12-06 07:26:05','1990-04-23',1,10,'210211195905251456','2025-04-23',NULL,1,10,'大连市甘井子区新街316号',NULL,NULL,NULL,'张守庆',NULL,NULL,NULL,NULL,NULL,200,'13644917789','职工',NULL,0,NULL),
 (131,'大连中远船务有限公司',NULL,'2017-12-06 07:26:05','1998-05-01',1,10,'210281197911071716','2025-05-01',NULL,1,10,'辽宁大连经济技术开发区东居里62号6-3-2',NULL,NULL,NULL,'栾云河',NULL,NULL,NULL,NULL,NULL,200,'13840845874','职工',NULL,0,NULL),
 (132,'大连中远船务有限公司',NULL,'2017-12-06 07:26:05','1993-04-24',1,10,'21021119691116539','2021-04-24',NULL,1,10,'大连市甘井子区元宝山街46号3-4-7',NULL,NULL,NULL,'董宝民',NULL,NULL,NULL,NULL,NULL,200,'13998618869','职工',NULL,0,NULL),
 (133,'大连中远船务有限公司',NULL,'2017-12-06 07:26:05','1986-12-15',1,10,'21211196103250413','2025-12-15',NULL,1,10,'大连市甘井子区金二街22号1-2-8',NULL,NULL,NULL,'包树元',NULL,NULL,NULL,NULL,NULL,200,'13500716987','职工',NULL,0,NULL),
 (134,'大连中远船务有限公司',NULL,'2017-12-06 07:26:05','1988-07-01',1,10,'210202195803146413','2018-07-01',NULL,1,10,'大连市甘井子区玉谭街7号1-2-2',NULL,NULL,NULL,'姜天俊',NULL,NULL,NULL,NULL,NULL,200,'13998577622','职工',NULL,0,NULL),
 (135,'大连中远船务有限公司',NULL,'2017-12-06 07:26:05','1994-07-09',1,10,'210211197011046516','2021-07-09',NULL,1,10,'大连市甘井子区元宝山街51号4-6',NULL,NULL,NULL,'王辉',NULL,NULL,NULL,NULL,NULL,200,'13500789995','职工',NULL,0,NULL),
 (136,'大连中远船务有限公司',NULL,'2017-12-06 07:26:05','1991-02-11',1,10,'210221196207290615','2022-02-11',NULL,1,10,'大连市经济技术开发区红梅小区32号3-6-1',NULL,NULL,NULL,'魏广福',NULL,NULL,NULL,NULL,NULL,200,'13942024629','职工',NULL,0,NULL),
 (137,'大连中远船务有限公司',NULL,'2017-12-06 07:26:05','1992-09-11',1,10,'210204196302112212','2019-09-11',NULL,1,10,'大连市沙河口区兴工街38号5-1',NULL,NULL,NULL,'贾立成',NULL,NULL,NULL,NULL,NULL,200,'13998618869','职工',NULL,0,NULL),
 (138,'大连中远船务有限公司',NULL,'2017-12-06 07:26:05','1997-11-01',1,10,'220621197703272019','2020-11-01',NULL,6,10,'大连市沙河口区大庆街80-4-3',NULL,NULL,NULL,'陈波',NULL,NULL,NULL,NULL,NULL,200,'13998618869','职工',NULL,0,NULL),
 (139,'大连中远船务有限公司',NULL,'2017-12-06 07:26:05','2014-01-24',1,10,'210282199408134332','2020-01-24',NULL,6,10,'辽宁省庄河市城子坦镇碧流河村姜屯39号',NULL,NULL,NULL,'姜忠耀',NULL,NULL,NULL,NULL,NULL,200,'13998618869','职工',NULL,0,NULL),
 (141,'大连中远船务有限公司',NULL,'2017-12-06 07:26:05','1992-12-20',1,10,'210203196301163011','2025-12-20',NULL,2,10,'大连市西岗区长江路612号27-6',NULL,NULL,NULL,'林国胜',NULL,NULL,NULL,NULL,NULL,200,'13998618869','职工',NULL,0,NULL),
 (142,'大连中远船务有限公司',NULL,'2017-12-06 07:26:05','1995-09-26',1,10,'210202195711273730','2024-09-26',NULL,6,10,'大连市中山区玉光街24号4-3',NULL,NULL,NULL,'刘新桥',NULL,NULL,NULL,NULL,NULL,200,'13998618869','职工',NULL,0,NULL),
 (143,'大连中远船务有限公司',NULL,'2017-12-06 07:26:05','1994-04-05',1,10,'21020419680229303X','2021-04-05',NULL,1,10,'大连市沙河口区凌山五街12号5-4',NULL,NULL,NULL,'朱建波',NULL,NULL,NULL,NULL,NULL,200,'13998618869','职工',NULL,0,NULL),
 (144,'大连中远船务有限公司',NULL,'2017-12-06 07:26:05','1994-12-16',1,10,'210211196601156016','2020-12-16',NULL,2,10,'大连市西岗区山庄街34号2-1',NULL,NULL,NULL,'岳峰',NULL,NULL,NULL,NULL,NULL,200,'13841149983','职工',NULL,0,NULL),
 (145,'大连中远船务有限公司',NULL,'2017-12-06 07:26:05','1989-04-30',1,10,'210202196804216414','2026-04-30',NULL,2,10,'大连市中山区景山街43号2-5-1',NULL,NULL,NULL,'李海涛',NULL,NULL,NULL,NULL,NULL,200,'13998618869','职工',NULL,0,NULL),
 (146,'大连中远船务有限公司',NULL,'2017-12-06 07:26:05','1991-02-11',1,10,'210211196706213152','2024-02-11',NULL,1,10,'大连市甘井子区周山街8号2-5-1',NULL,NULL,NULL,'沈新',NULL,NULL,NULL,NULL,NULL,200,'13998410373','职工',NULL,0,NULL),
 (147,'大连中远船务有限公司',NULL,'2017-12-06 07:26:05','1997-12-08',1,10,'210219197709225736','2025-12-08',NULL,1,10,'大连市金州区金洋小区8号3-1-1',NULL,NULL,NULL,'薛东',NULL,NULL,NULL,NULL,NULL,200,'13998618869','职工',NULL,0,NULL),
 (148,'大连中远船务有限公司',NULL,'2017-12-06 07:26:05','1995-01-13',1,10,'21020319760323051X','2022-01-13',NULL,2,10,'大连市西岗区香一街23号2-2',NULL,NULL,NULL,'纪仁闯',NULL,NULL,NULL,NULL,NULL,200,'13998618869','职工',NULL,0,NULL),
 (149,'大连中远船务有限公司',NULL,'2017-12-06 07:26:05','1986-03-15',1,10,'210203195609063514','2026-03-15',NULL,2,10,'大连市甘井子区化昌街6号2-5-3',NULL,NULL,NULL,'谢滨',NULL,NULL,NULL,NULL,NULL,200,'13998618869','职工',NULL,0,NULL),
 (150,'大连中远船务有限公司',NULL,'2017-12-06 07:26:05','1995-01-13',1,10,'210211196003292931','2020-01-13',NULL,2,10,'大连市甘井子区玉池街17号1-5-1',NULL,NULL,NULL,'王振江',NULL,NULL,NULL,NULL,NULL,200,'13998618869','职工',NULL,0,NULL),
 (151,'大连中远船务有限公司',NULL,'2017-12-06 07:26:05','1995-09-10',1,10,'210204197809115791','2025-09-10',NULL,2,10,'大连市沙河口区星海三街25-1-2',NULL,NULL,NULL,'王新',NULL,NULL,NULL,NULL,NULL,200,'13998618869','职工',NULL,0,NULL),
 (152,'大连中远船务有限公司',NULL,'2017-12-06 07:26:05','1997-01-17',1,10,'210211197706267411','2025-01-17',NULL,1,10,'大连市甘井子区千山路51号3-2-1',NULL,NULL,NULL,'赵云刚',NULL,NULL,NULL,NULL,NULL,200,'13998618869','职工',NULL,0,NULL),
 (153,'大连东昀商贸有限公司',NULL,'2017-12-06 07:26:05','2010-04-28',1,39,'230229196912161514','2026-04-28',NULL,7,10,'辽宁省大连市甘井子区大连湾街道大房身村',NULL,NULL,NULL,'郝凤军',NULL,NULL,NULL,NULL,NULL,200,'15040610650','职工',NULL,0,NULL),
 (154,'辽宁省大连市甘井子区大连湾北街203号12',NULL,'2017-12-06 07:26:05','1988-06-23',1,39,'210211196510136511','2025-06-23',NULL,6,10,'辽宁省大连市甘井子区大连湾北街203号12',NULL,NULL,NULL,'夏仕杰',NULL,NULL,NULL,NULL,NULL,200,'13841134866','职工',NULL,0,NULL),
 (155,'辽宁省大连市甘井子区大连湾街道大房身村',NULL,'2017-12-06 07:26:05','1983-08-27',1,39,'210225198308270319','2025-04-13',NULL,5,10,'辽宁省庄河市新华街道徐岭村徐岭屯211号',NULL,NULL,NULL,'宋国庆',NULL,NULL,NULL,NULL,NULL,200,'13478704437','雇佣',NULL,0,NULL),
 (156,'辽宁省北镇市中安镇中北村431号',NULL,'2017-12-06 07:26:05','2015-04-18',1,39,'210782196212241017','2025-04-18',NULL,2,10,'辽宁省大连市甘井子区大连湾街道大房身村',NULL,NULL,NULL,'张学儒',NULL,NULL,NULL,NULL,NULL,200,'13909843273','雇佣',NULL,0,NULL),
 (157,'辽宁省大连市甘井子区大连湾北街248号19',NULL,'2017-12-06 07:26:05','2009-08-13',1,39,'210211197911206554','2019-08-13',NULL,1,10,'辽宁省大连市甘井子区大连湾北街248号19',NULL,NULL,NULL,'李治良',NULL,NULL,NULL,NULL,NULL,200,'13500787079','雇佣',NULL,0,NULL),
 (158,'辽宁省大连市甘井子区大连湾街道大房身村',NULL,'2017-12-06 07:26:05','2003-07-10',1,39,'152122197007011811','2025-07-10',NULL,2,10,'辽宁省大连市甘井子区大连湾街道大房身村',NULL,NULL,NULL,'姜培生',NULL,NULL,NULL,NULL,NULL,200,'13841139211','职工',NULL,0,NULL),
 (159,'大连新中海产食品有限公司',NULL,'2017-12-06 07:26:05','1992-09-08',1,39,'210202197202030115','2020-09-08',NULL,1,10,'大连市中山区丹东街52号1-5-2',NULL,NULL,NULL,'张毅',NULL,NULL,NULL,NULL,NULL,200,'17733333340','雇佣',NULL,0,NULL),
 (160,'大连神通电气有限公司',NULL,'2017-12-06 07:26:05','1993-11-12',1,17,'210204196503206776','2020-11-12',NULL,2,10,'大连市西岗区永善巷20号5-4',NULL,NULL,NULL,'曲静',NULL,NULL,NULL,NULL,NULL,200,'13942082038','职工',NULL,0,NULL),
 (161,'大连神通电气有限公司',NULL,'2017-12-06 07:26:05','2005-07-04',1,17,'21020419570724303X','2017-07-04',NULL,6,6,'大连市沙河口区凌云街198号2-8',NULL,NULL,NULL,'林良',NULL,NULL,NULL,NULL,NULL,200,'13942082038','职工',NULL,0,NULL),
 (162,'大连神通电气有限公司',NULL,'2017-12-06 07:26:05','1994-03-11',1,17,'21020419600908139X','2026-03-11',NULL,2,10,'大连市沙河口区锦虹北园2号2-5-2',NULL,NULL,NULL,'王传祥',NULL,NULL,NULL,NULL,NULL,200,'13942082038','职工',NULL,0,NULL),
 (163,'大连盛港集装箱有限公司',NULL,'2017-12-06 07:26:05','1987-12-01',1,18,'210211196903184514','2025-12-01',NULL,2,10,'大连市甘井子区',NULL,NULL,NULL,'王先滨',NULL,NULL,NULL,NULL,NULL,200,'15040405355','职工',NULL,0,NULL),
 (164,'大连盛港集装箱有限公司',NULL,'2017-12-06 07:26:05','1987-07-02',1,18,'210211196405095113','2025-07-20',NULL,2,10,'大连市甘井子区',NULL,NULL,NULL,'逄忠利',NULL,NULL,NULL,NULL,NULL,200,'15040405355','职工',NULL,0,NULL),
 (165,'大连盛港集装箱有限公司',NULL,'2017-12-06 07:26:05','1984-02-08',1,18,'210204196008093559','2026-02-08',NULL,1,10,'大连市沙河口区',NULL,NULL,NULL,'刘振平',NULL,NULL,NULL,NULL,NULL,200,'15040405355','职工',NULL,0,NULL),
 (166,'大连盛港集装箱有限公司',NULL,'2017-12-06 07:26:05','1990-02-23',1,18,'210211196107146517','2021-02-02',NULL,2,10,'大连市甘井子区',NULL,NULL,NULL,'刘道满',NULL,NULL,NULL,NULL,NULL,200,'15040405355','职工',NULL,0,NULL),
 (167,'大连盛达集装箱有限公司',NULL,'2017-12-06 07:26:05','1993-07-27',1,18,'210211197301220172','2019-07-27',NULL,2,10,'大连市甘井子区',NULL,NULL,NULL,'战毓全',NULL,NULL,NULL,NULL,NULL,200,'15040405355','职工',NULL,0,NULL),
 (168,'大连盛达集装箱有限公司',NULL,'2017-12-06 07:26:05','1990-02-13',1,18,'21021119641006651X','2021-02-13',NULL,2,10,'大连市甘井子区',NULL,NULL,NULL,'宫希武',NULL,NULL,NULL,NULL,NULL,200,'13840867896','职工',NULL,0,NULL);
INSERT INTO `Districts` (Id,Address,CreateBy,CreationDate,DivisionType,Metadata,ModificationDate,ModifyBy,Name,Status,VersionNumber) VALUES (1,NULL,NULL,NULL,0,NULL,NULL,NULL,'甘井子区',0,0);
INSERT INTO `AspNetUsers` (Id,AccessFailedCount,Company,ConcurrencyStamp,Depart,Email,EmailConfirmed,LockoutEnabled,LockoutEnd,NormalizedEmail,NormalizedUserName,PasswordHash,PhoneNumber,PhoneNumberConfirmed,RealName,SecurityStamp,Serial,Title,TownId,TwoFactorEnabled,UserName) VALUES ('b0b8264c-f6a2-494e-9380-bdd5ab9b0809',0,NULL,'37b7f81b-9154-4424-8e20-79ec0fdcdd68',NULL,'admin@admin.com',0,1,NULL,'ADMIN@ADMIN.COM','ADMIN','AQAAAAEAACcQAAAAEKsLRCzqZpXeDk2HXOGJwvWOX9cTZ4/6f76UQoll52oAj7MP9FhQpasUIwrlfg5Drg==',NULL,0,NULL,'145f32ed-e72a-40d7-9f78-21b3a68719fa',NULL,NULL,NULL,0,'admin'),
 ('fb706408-161c-4440-96d2-096fdf8701f3',0,NULL,'b141d30f-143f-4362-bd2d-20cd72746be6',NULL,'gjz@gjz.com',0,1,NULL,'GJZ@GJZ.COM','GJZ','AQAAAAEAACcQAAAAEDE0f4KMHoYmTzLfCWr5OIU0+3IZHB8gAr8sziUSAxBg5890hUMbpbHnzylhUkKCZg==',NULL,0,NULL,'b47d3897-18e3-4553-bbb1-de904614dd8b',NULL,NULL,NULL,0,'gjz'),
 ('75cf747e-c2ff-4cc4-bc7f-0a4d25f04daa',0,NULL,'be458c18-a498-4fd9-897b-e75b692bd6d4',NULL,'zsz@zsz.com',0,1,NULL,'ZSZ@ZSZ.COM','ZSZ','AQAAAAEAACcQAAAAEFgofqxZhQM8jEEDtZXj6NrwrF0BJiGxNGuDMNkKsHFeXZYE/ItjP/muQJk2ZIbf6A==',NULL,0,NULL,'7c65cec6-d60c-4dd0-b440-c1c9b73431c4',NULL,NULL,1,0,'zsz'),
 ('4771fdc4-7c5f-4be5-963c-643c89a26a48',0,NULL,'fab6b488-052a-4e96-8bd2-ece8c2611da9',NULL,'dlw@dlw.com',0,1,NULL,'DLW@DLW.COM','DLW','AQAAAAEAACcQAAAAEDhtvwOGghLZy0QjRIx916nbnolugfpZ+XcsHak2riC/PAowQ/ftBhJgOvBcR3qQIg==',NULL,0,NULL,'933d8954-7f56-47ac-aeb5-803dac4498e9',NULL,NULL,12,0,'dlw');
INSERT INTO `AspNetUserRoles` (UserId,RoleId) VALUES ('b0b8264c-f6a2-494e-9380-bdd5ab9b0809','a288875b-1107-46f7-98a1-38127f183132'),
 ('fb706408-161c-4440-96d2-096fdf8701f3','088cf214-89a1-46b0-8bca-4f15facdf17e'),
 ('75cf747e-c2ff-4cc4-bc7f-0a4d25f04daa','08fe1a00-2dd1-4393-b73b-2f9999b4e165'),
 ('4771fdc4-7c5f-4be5-963c-643c89a26a48','08fe1a00-2dd1-4393-b73b-2f9999b4e165');
INSERT INTO `AspNetRoles` (Id,BaseRoleId,ConcurrencyStamp,LocalName,Name,NormalizedName,Visible) VALUES ('a288875b-1107-46f7-98a1-38127f183132',NULL,'912379aa-b1d3-4a10-9853-7112638509d9',NULL,'Admins','ADMINS',0),
 ('088cf214-89a1-46b0-8bca-4f15facdf17e',NULL,'c20ab9d8-13f6-4a37-9865-a3ef82dad51f','全局用户','GlobalVisitor','GLOBALVISITOR',1),
 ('08fe1a00-2dd1-4393-b73b-2f9999b4e165',NULL,'6d74b1c1-9085-4712-9ebd-2b27d9bbf672','街道管理员','TownManager','TOWNMANAGER',1);
COMMIT;
